algorithm,input_size,distribution,trial,master_seed,seed,run_order,run_position,elapsed_ns,correct
Shell Sort,500,random,0,20260930,17091346009885327130,SML,0,29334,1
Merge Sort,500,random,0,20260930,17091346009885327130,SML,1,29355,1
Library Sort,500,random,0,20260930,17091346009885327130,SML,2,468485,1
Shell Sort,500,random,1,20260930,14911818322190790426,SLM,0,30106,1
Library Sort,500,random,1,20260930,14911818322190790426,SLM,1,473665,1
Merge Sort,500,random,1,20260930,14911818322190790426,SLM,2,27492,1
Merge Sort,500,random,2,20260930,17212879969113767535,MSL,0,54882,1
Shell Sort,500,random,2,20260930,17212879969113767535,MSL,1,29525,1
Library Sort,500,random,2,20260930,17212879969113767535,MSL,2,612061,1
Merge Sort,500,random,3,20260930,4052992045418502751,MLS,0,29455,1
Library Sort,500,random,3,20260930,4052992045418502751,MLS,1,495716,1
Shell Sort,500,random,3,20260930,4052992045418502751,MLS,2,28553,1
Library Sort,500,random,4,20260930,13185044698703629718,LSM,0,449911,1
Shell Sort,500,random,4,20260930,13185044698703629718,LSM,1,30056,1
Merge Sort,500,random,4,20260930,13185044698703629718,LSM,2,29245,1
Library Sort,500,random,5,20260930,18354484886844897009,LMS,0,361925,1
Merge Sort,500,random,5,20260930,18354484886844897009,LMS,1,21199,1
Shell Sort,500,random,5,20260930,18354484886844897009,LMS,2,23604,1
Shell Sort,500,random,6,20260930,10802761951945530097,SML,0,24736,1
Merge Sort,500,random,6,20260930,10802761951945530097,SML,1,21119,1
Library Sort,500,random,6,20260930,10802761951945530097,SML,2,258252,1
Shell Sort,500,random,7,20260930,102460307008990873,SLM,0,25858,1
Library Sort,500,random,7,20260930,102460307008990873,SLM,1,229999,1
Merge Sort,500,random,7,20260930,102460307008990873,SLM,2,21199,1
Merge Sort,500,random,8,20260930,12028341300069509589,MSL,0,20708,1
Shell Sort,500,random,8,20260930,12028341300069509589,MSL,1,55713,1
Library Sort,500,random,8,20260930,12028341300069509589,MSL,2,274984,1
Merge Sort,500,random,9,20260930,15141585126865131569,MLS,0,21230,1
Library Sort,500,random,9,20260930,15141585126865131569,MLS,1,219510,1
Shell Sort,500,random,9,20260930,15141585126865131569,MLS,2,24055,1
Library Sort,500,random,10,20260930,15968382530975956355,LSM,0,239046,1
Shell Sort,500,random,10,20260930,15968382530975956355,LSM,1,25668,1
Merge Sort,500,random,10,20260930,15968382530975956355,LSM,2,21570,1
Library Sort,500,random,11,20260930,13534956925324986130,LMS,0,253834,1
Merge Sort,500,random,11,20260930,13534956925324986130,LMS,1,21500,1
Shell Sort,500,random,11,20260930,13534956925324986130,LMS,2,23193,1
Shell Sort,500,random,12,20260930,11256268989227096709,SML,0,25117,1
Merge Sort,500,random,12,20260930,11256268989227096709,SML,1,21100,1
Library Sort,500,random,12,20260930,11256268989227096709,SML,2,238906,1
Shell Sort,500,random,13,20260930,8891061314007407381,SLM,0,24516,1
Library Sort,500,random,13,20260930,8891061314007407381,SLM,1,246480,1
Merge Sort,500,random,13,20260930,8891061314007407381,SLM,2,21500,1
Merge Sort,500,random,14,20260930,7888077492115928173,MSL,0,21089,1
Shell Sort,500,random,14,20260930,7888077492115928173,MSL,1,25137,1
Library Sort,500,random,14,20260930,7888077492115928173,MSL,2,271527,1
Merge Sort,500,random,15,20260930,11579377490178664084,MLS,0,21009,1
Library Sort,500,random,15,20260930,11579377490178664084,MLS,1,221313,1
Shell Sort,500,random,15,20260930,11579377490178664084,MLS,2,23323,1
Library Sort,500,random,16,20260930,15829571090998460547,LSM,0,228427,1
Shell Sort,500,random,16,20260930,15829571090998460547,LSM,1,25779,1
Merge Sort,500,random,16,20260930,15829571090998460547,LSM,2,21139,1
Library Sort,500,random,17,20260930,17676187724073254946,LMS,0,276456,1
Merge Sort,500,random,17,20260930,17676187724073254946,LMS,1,21299,1
Shell Sort,500,random,17,20260930,17676187724073254946,LMS,2,23895,1
Shell Sort,500,random,18,20260930,12016479626643508664,SML,0,23414,1
Merge Sort,500,random,18,20260930,12016479626643508664,SML,1,20689,1
Library Sort,500,random,18,20260930,12016479626643508664,SML,2,238706,1
Shell Sort,500,random,19,20260930,3104408665946344299,SLM,0,25057,1
Library Sort,500,random,19,20260930,3104408665946344299,SLM,1,295000,1
Merge Sort,500,random,19,20260930,3104408665946344299,SLM,2,21530,1
Merge Sort,500,random,20,20260930,12275720736036064383,MSL,0,46547,1
Shell Sort,500,random,20,20260930,12275720736036064383,MSL,1,23023,1
Library Sort,500,random,20,20260930,12275720736036064383,MSL,2,252211,1
Merge Sort,500,random,21,20260930,18104660891103453391,MLS,0,20779,1
Library Sort,500,random,21,20260930,18104660891103453391,MLS,1,236412,1
Shell Sort,500,random,21,20260930,18104660891103453391,MLS,2,25768,1
Library Sort,500,random,22,20260930,9250556104167886993,LSM,0,242002,1
Shell Sort,500,random,22,20260930,9250556104167886993,LSM,1,26009,1
Merge Sort,500,random,22,20260930,9250556104167886993,LSM,2,21380,1
Library Sort,500,random,23,20260930,5173261069657360078,LMS,0,236832,1
Merge Sort,500,random,23,20260930,5173261069657360078,LMS,1,21340,1
Shell Sort,500,random,23,20260930,5173261069657360078,LMS,2,25268,1
Shell Sort,500,random,24,20260930,17924945035634864843,SML,0,25928,1
Merge Sort,500,random,24,20260930,17924945035634864843,SML,1,21159,1
Library Sort,500,random,24,20260930,17924945035634864843,SML,2,226523,1
Shell Sort,500,random,25,20260930,15441561464633303228,SLM,0,24826,1
Library Sort,500,random,25,20260930,15441561464633303228,SLM,1,239166,1
Merge Sort,500,random,25,20260930,15441561464633303228,SLM,2,21290,1
Merge Sort,500,random,26,20260930,12485022267478838061,MSL,0,21009,1
Shell Sort,500,random,26,20260930,12485022267478838061,MSL,1,24396,1
Library Sort,500,random,26,20260930,12485022267478838061,MSL,2,270585,1
Merge Sort,500,random,27,20260930,16112700468499247458,MLS,0,21209,1
Library Sort,500,random,27,20260930,16112700468499247458,MLS,1,239918,1
Shell Sort,500,random,27,20260930,16112700468499247458,MLS,2,29365,1
Library Sort,500,random,28,20260930,11108334602650833778,LSM,0,241361,1
Shell Sort,500,random,28,20260930,11108334602650833778,LSM,1,23434,1
Merge Sort,500,random,28,20260930,11108334602650833778,LSM,2,21429,1
Library Sort,500,random,29,20260930,16143545850948970142,LMS,0,267149,1
Merge Sort,500,random,29,20260930,16143545850948970142,LMS,1,21460,1
Shell Sort,500,random,29,20260930,16143545850948970142,LMS,2,23344,1
Shell Sort,500,sorted,0,20260930,17084974282617120586,SML,0,3626,1
Merge Sort,500,sorted,0,20260930,17084974282617120586,SML,1,6663,1
Library Sort,500,sorted,0,20260930,17084974282617120586,SML,2,461943,1
Shell Sort,500,sorted,1,20260930,9989060205182887302,SLM,0,3627,1
Library Sort,500,sorted,1,20260930,9989060205182887302,SLM,1,470098,1
Merge Sort,500,sorted,1,20260930,9989060205182887302,SLM,2,6362,1
Merge Sort,500,sorted,2,20260930,5952326901562669635,MSL,0,6261,1
Shell Sort,500,sorted,2,20260930,5952326901562669635,MSL,1,3617,1
Library Sort,500,sorted,2,20260930,5952326901562669635,MSL,2,459819,1
Merge Sort,500,sorted,3,20260930,9076160003619376469,MLS,0,6252,1
Library Sort,500,sorted,3,20260930,9076160003619376469,MLS,1,468866,1
Shell Sort,500,sorted,3,20260930,9076160003619376469,MLS,2,3627,1
Library Sort,500,sorted,4,20260930,489320022326220123,LSM,0,460009,1
Shell Sort,500,sorted,4,20260930,489320022326220123,LSM,1,3597,1
Merge Sort,500,sorted,4,20260930,489320022326220123,LSM,2,6272,1
Library Sort,500,sorted,5,20260930,5299519533764323103,LMS,0,468676,1
Merge Sort,500,sorted,5,20260930,5299519533764323103,LMS,1,6282,1
Shell Sort,500,sorted,5,20260930,5299519533764323103,LMS,2,3627,1
Shell Sort,500,sorted,6,20260930,226733403902445967,SML,0,3607,1
Merge Sort,500,sorted,6,20260930,226733403902445967,SML,1,6262,1
Library Sort,500,sorted,6,20260930,226733403902445967,SML,2,459668,1
Shell Sort,500,sorted,7,20260930,17714980822835453486,SLM,0,3346,1
Library Sort,500,sorted,7,20260930,17714980822835453486,SLM,1,472864,1
Merge Sort,500,sorted,7,20260930,17714980822835453486,SLM,2,6082,1
Merge Sort,500,sorted,8,20260930,1800723417106011210,MSL,0,6051,1
Shell Sort,500,sorted,8,20260930,1800723417106011210,MSL,1,3527,1
Library Sort,500,sorted,8,20260930,1800723417106011210,MSL,2,460450,1
Merge Sort,500,sorted,9,20260930,2910567875114219412,MLS,0,6042,1
Library Sort,500,sorted,9,20260930,2910567875114219412,MLS,1,535210,1
Shell Sort,500,sorted,9,20260930,2910567875114219412,MLS,2,3417,1
Library Sort,500,sorted,10,20260930,17542931766663741306,LSM,0,460780,1
Shell Sort,500,sorted,10,20260930,17542931766663741306,LSM,1,3357,1
Merge Sort,500,sorted,10,20260930,17542931766663741306,LSM,2,6332,1
Library Sort,500,sorted,11,20260930,883262165421280824,LMS,0,469016,1
Merge Sort,500,sorted,11,20260930,883262165421280824,LMS,1,6071,1
Shell Sort,500,sorted,11,20260930,883262165421280824,LMS,2,3357,1
Shell Sort,500,sorted,12,20260930,2673467293078785150,SML,0,3347,1
Merge Sort,500,sorted,12,20260930,2673467293078785150,SML,1,6041,1
Library Sort,500,sorted,12,20260930,2673467293078785150,SML,2,459659,1
Shell Sort,500,sorted,13,20260930,4070425452593528166,SLM,0,3336,1
Library Sort,500,sorted,13,20260930,4070425452593528166,SLM,1,468164,1
Merge Sort,500,sorted,13,20260930,4070425452593528166,SLM,2,6121,1
Merge Sort,500,sorted,14,20260930,3590217204611790526,MSL,0,6031,1
Shell Sort,500,sorted,14,20260930,3590217204611790526,MSL,1,3346,1
Library Sort,500,sorted,14,20260930,3590217204611790526,MSL,2,461992,1
Merge Sort,500,sorted,15,20260930,15436556676701262322,MLS,0,6022,1
Library Sort,500,sorted,15,20260930,15436556676701262322,MLS,1,486919,1
Shell Sort,500,sorted,15,20260930,15436556676701262322,MLS,2,3376,1
Library Sort,500,sorted,16,20260930,8662180785289796187,LSM,0,459659,1
Shell Sort,500,sorted,16,20260930,8662180785289796187,LSM,1,3346,1
Merge Sort,500,sorted,16,20260930,8662180785289796187,LSM,2,6081,1
Library Sort,500,sorted,17,20260930,14955860393899585712,LMS,0,478574,1
Merge Sort,500,sorted,17,20260930,14955860393899585712,LMS,1,6051,1
Shell Sort,500,sorted,17,20260930,14955860393899585712,LMS,2,3367,1
Shell Sort,500,sorted,18,20260930,17534158768691812380,SML,0,3347,1
Merge Sort,500,sorted,18,20260930,17534158768691812380,SML,1,6031,1
Library Sort,500,sorted,18,20260930,17534158768691812380,SML,2,459819,1
Shell Sort,500,sorted,19,20260930,2405261268162866396,SLM,0,3336,1
Library Sort,500,sorted,19,20260930,2405261268162866396,SLM,1,468876,1
Merge Sort,500,sorted,19,20260930,2405261268162866396,SLM,2,6282,1
Merge Sort,500,sorted,20,20260930,6259700723191439419,MSL,0,6261,1
Shell Sort,500,sorted,20,20260930,6259700723191439419,MSL,1,3336,1
Library Sort,500,sorted,20,20260930,6259700723191439419,MSL,2,459889,1
Merge Sort,500,sorted,21,20260930,11185206686534148754,MLS,0,6242,1
Library Sort,500,sorted,21,20260930,11185206686534148754,MLS,1,468775,1
Shell Sort,500,sorted,21,20260930,11185206686534148754,MLS,2,3366,1
Library Sort,500,sorted,22,20260930,3517643925818454367,LSM,0,459939,1
Shell Sort,500,sorted,22,20260930,3517643925818454367,LSM,1,3336,1
Merge Sort,500,sorted,22,20260930,3517643925818454367,LSM,2,6272,1
Library Sort,500,sorted,23,20260930,15296444902897247466,LMS,0,468445,1
Merge Sort,500,sorted,23,20260930,15296444902897247466,LMS,1,6262,1
Shell Sort,500,sorted,23,20260930,15296444902897247466,LMS,2,3356,1
Shell Sort,500,sorted,24,20260930,14914272222826557889,SML,0,3346,1
Merge Sort,500,sorted,24,20260930,14914272222826557889,SML,1,6282,1
Library Sort,500,sorted,24,20260930,14914272222826557889,SML,2,459609,1
Shell Sort,500,sorted,25,20260930,1299131945384698307,SLM,0,3337,1
Library Sort,500,sorted,25,20260930,1299131945384698307,SLM,1,459598,1
Merge Sort,500,sorted,25,20260930,1299131945384698307,SLM,2,6022,1
Merge Sort,500,sorted,26,20260930,13143435755735804257,MSL,0,6072,1
Shell Sort,500,sorted,26,20260930,13143435755735804257,MSL,1,3346,1
Library Sort,500,sorted,26,20260930,13143435755735804257,MSL,2,460019,1
Merge Sort,500,sorted,27,20260930,7603562106300659928,MLS,0,6022,1
Library Sort,500,sorted,27,20260930,7603562106300659928,MLS,1,460039,1
Shell Sort,500,sorted,27,20260930,7603562106300659928,MLS,2,3347,1
Library Sort,500,sorted,28,20260930,10446818058005505082,LSM,0,432758,1
Shell Sort,500,sorted,28,20260930,10446818058005505082,LSM,1,3356,1
Merge Sort,500,sorted,28,20260930,10446818058005505082,LSM,2,6062,1
Library Sort,500,sorted,29,20260930,17876580938911210874,LMS,0,423932,1
Merge Sort,500,sorted,29,20260930,17876580938911210874,LMS,1,14628,1
Shell Sort,500,sorted,29,20260930,17876580938911210874,LMS,2,5250,1
Shell Sort,500,reverse,0,20260930,12965717921795409299,SML,0,10920,1
Merge Sort,500,reverse,0,20260930,12965717921795409299,SML,1,10930,1
Library Sort,500,reverse,0,20260930,12965717921795409299,SML,2,92793,1
Shell Sort,500,reverse,1,20260930,4015483408897465295,SLM,0,5320,1
Library Sort,500,reverse,1,20260930,4015483408897465295,SLM,1,53520,1
Merge Sort,500,reverse,1,20260930,4015483408897465295,SLM,2,5380,1
Merge Sort,500,reverse,2,20260930,18194818590355567896,MSL,0,5350,1
Shell Sort,500,reverse,2,20260930,18194818590355567896,MSL,1,5090,1
Library Sort,500,reverse,2,20260930,18194818590355567896,MSL,2,53169,1
Merge Sort,500,reverse,3,20260930,6133458378072641765,MLS,0,5190,1
Library Sort,500,reverse,3,20260930,6133458378072641765,MLS,1,53089,1
Shell Sort,500,reverse,3,20260930,6133458378072641765,MLS,2,4980,1
Library Sort,500,reverse,4,20260930,11919484219489836615,LSM,0,50574,1
Shell Sort,500,reverse,4,20260930,11919484219489836615,LSM,1,4939,1
Merge Sort,500,reverse,4,20260930,11919484219489836615,LSM,2,4989,1
Library Sort,500,reverse,5,20260930,6361767932350045479,LMS,0,50605,1
Merge Sort,500,reverse,5,20260930,6361767932350045479,LMS,1,4949,1
Shell Sort,500,reverse,5,20260930,6361767932350045479,LMS,2,4959,1
Shell Sort,500,reverse,6,20260930,17846525455549071859,SML,0,4939,1
Merge Sort,500,reverse,6,20260930,17846525455549071859,SML,1,4959,1
Library Sort,500,reverse,6,20260930,17846525455549071859,SML,2,50615,1
Shell Sort,500,reverse,7,20260930,3085443707773883965,SLM,0,4929,1
Library Sort,500,reverse,7,20260930,3085443707773883965,SLM,1,50554,1
Merge Sort,500,reverse,7,20260930,3085443707773883965,SLM,2,4969,1
Merge Sort,500,reverse,8,20260930,4904926039599401680,MSL,0,4960,1
Shell Sort,500,reverse,8,20260930,4904926039599401680,MSL,1,4949,1
Library Sort,500,reverse,8,20260930,4904926039599401680,MSL,2,50595,1
Merge Sort,500,reverse,9,20260930,5316546044719647956,MLS,0,4969,1
Library Sort,500,reverse,9,20260930,5316546044719647956,MLS,1,50605,1
Shell Sort,500,reverse,9,20260930,5316546044719647956,MLS,2,4949,1
Library Sort,500,reverse,10,20260930,16075799912989052167,LSM,0,50564,1
Shell Sort,500,reverse,10,20260930,16075799912989052167,LSM,1,4919,1
Merge Sort,500,reverse,10,20260930,16075799912989052167,LSM,2,4980,1
Library Sort,500,reverse,11,20260930,12081373363165839300,LMS,0,50614,1
Merge Sort,500,reverse,11,20260930,12081373363165839300,LMS,1,4949,1
Shell Sort,500,reverse,11,20260930,12081373363165839300,LMS,2,4939,1
Shell Sort,500,reverse,12,20260930,5935516122416100906,SML,0,4929,1
Merge Sort,500,reverse,12,20260930,5935516122416100906,SML,1,4970,1
Library Sort,500,reverse,12,20260930,5935516122416100906,SML,2,50594,1
Shell Sort,500,reverse,13,20260930,14010770854388951170,SLM,0,4919,1
Library Sort,500,reverse,13,20260930,14010770854388951170,SLM,1,78427,1
Merge Sort,500,reverse,13,20260930,14010770854388951170,SLM,2,9868,1
Merge Sort,500,reverse,14,20260930,7354865242761931875,MSL,0,9267,1
Shell Sort,500,reverse,14,20260930,7354865242761931875,MSL,1,10289,1
Library Sort,500,reverse,14,20260930,7354865242761931875,MSL,2,154609,1
Merge Sort,500,reverse,15,20260930,5671409741840195540,MLS,0,5280,1
Library Sort,500,reverse,15,20260930,5671409741840195540,MLS,1,50134,1
Shell Sort,500,reverse,15,20260930,5671409741840195540,MLS,2,5330,1
Library Sort,500,reverse,16,20260930,3001138475783976775,LSM,0,56626,1
Shell Sort,500,reverse,16,20260930,3001138475783976775,LSM,1,5289,1
Merge Sort,500,reverse,16,20260930,3001138475783976775,LSM,2,5280,1
Library Sort,500,reverse,17,20260930,1931356210627865686,LMS,0,49873,1
Merge Sort,500,reverse,17,20260930,1931356210627865686,LMS,1,4909,1
Shell Sort,500,reverse,17,20260930,1931356210627865686,LMS,2,5229,1
Shell Sort,500,reverse,18,20260930,385242528377233261,SML,0,5160,1
Merge Sort,500,reverse,18,20260930,385242528377233261,SML,1,4900,1
Library Sort,500,reverse,18,20260930,385242528377233261,SML,2,49873,1
Shell Sort,500,reverse,19,20260930,13947817652125406733,SLM,0,10650,1
Library Sort,500,reverse,19,20260930,13947817652125406733,SLM,1,74439,1
Merge Sort,500,reverse,19,20260930,13947817652125406733,SLM,2,5120,1
Merge Sort,500,reverse,20,20260930,3935643155117026848,MSL,0,13806,1
Shell Sort,500,reverse,20,20260930,3935643155117026848,MSL,1,10179,1
Library Sort,500,reverse,20,20260930,3935643155117026848,MSL,2,51776,1
Merge Sort,500,reverse,21,20260930,573075074208950200,MLS,0,5029,1
Library Sort,500,reverse,21,20260930,573075074208950200,MLS,1,49843,1
Shell Sort,500,reverse,21,20260930,573075074208950200,MLS,2,5260,1
Library Sort,500,reverse,22,20260930,2394295736099604273,LSM,0,49833,1
Shell Sort,500,reverse,22,20260930,2394295736099604273,LSM,1,5190,1
Merge Sort,500,reverse,22,20260930,2394295736099604273,LSM,2,4909,1
Library Sort,500,reverse,23,20260930,13535515903220915910,LMS,0,99246,1
Merge Sort,500,reverse,23,20260930,13535515903220915910,LMS,1,9688,1
Shell Sort,500,reverse,23,20260930,13535515903220915910,LMS,2,11111,1
Shell Sort,500,reverse,24,20260930,14766275306778968041,SML,0,5320,1
Merge Sort,500,reverse,24,20260930,14766275306778968041,SML,1,4959,1
Library Sort,500,reverse,24,20260930,14766275306778968041,SML,2,50024,1
Shell Sort,500,reverse,25,20260930,9596733656074791430,SLM,0,5220,1
Library Sort,500,reverse,25,20260930,9596733656074791430,SLM,1,49843,1
Merge Sort,500,reverse,25,20260930,9596733656074791430,SLM,2,4899,1
Merge Sort,500,reverse,26,20260930,12319628856837902413,MSL,0,4889,1
Shell Sort,500,reverse,26,20260930,12319628856837902413,MSL,1,5200,1
Library Sort,500,reverse,26,20260930,12319628856837902413,MSL,2,49863,1
Merge Sort,500,reverse,27,20260930,8414633546359408532,MLS,0,4879,1
Library Sort,500,reverse,27,20260930,8414633546359408532,MLS,1,49842,1
Shell Sort,500,reverse,27,20260930,8414633546359408532,MLS,2,5189,1
Library Sort,500,reverse,28,20260930,5070433937781639161,LSM,0,52559,1
Shell Sort,500,reverse,28,20260930,5070433937781639161,LSM,1,5200,1
Merge Sort,500,reverse,28,20260930,5070433937781639161,LSM,2,4919,1
Library Sort,500,reverse,29,20260930,14093599411817901444,LMS,0,49804,1
Merge Sort,500,reverse,29,20260930,14093599411817901444,LMS,1,4879,1
Shell Sort,500,reverse,29,20260930,14093599411817901444,LMS,2,5230,1
Shell Sort,500,duplicate-heavy,0,20260930,13513353505402294999,SML,0,17382,1
Merge Sort,500,duplicate-heavy,0,20260930,13513353505402294999,SML,1,18624,1
Library Sort,500,duplicate-heavy,0,20260930,13513353505402294999,SML,2,238535,1
Shell Sort,500,duplicate-heavy,1,20260930,10920224853721983374,SLM,0,17222,1
Library Sort,500,duplicate-heavy,1,20260930,10920224853721983374,SLM,1,258513,1
Merge Sort,500,duplicate-heavy,1,20260930,10920224853721983374,SLM,2,18264,1
Merge Sort,500,duplicate-heavy,2,20260930,13986592599782175544,MSL,0,18314,1
Shell Sort,500,duplicate-heavy,2,20260930,13986592599782175544,MSL,1,16421,1
Library Sort,500,duplicate-heavy,2,20260930,13986592599782175544,MSL,2,223097,1
Merge Sort,500,duplicate-heavy,3,20260930,17568379813312785473,MLS,0,18014,1
Library Sort,500,duplicate-heavy,3,20260930,17568379813312785473,MLS,1,220452,1
Shell Sort,500,duplicate-heavy,3,20260930,17568379813312785473,MLS,2,16271,1
Library Sort,500,duplicate-heavy,4,20260930,11759466030375880626,LSM,0,215683,1
Shell Sort,500,duplicate-heavy,4,20260930,11759466030375880626,LSM,1,51847,1
Merge Sort,500,duplicate-heavy,4,20260930,11759466030375880626,LSM,2,18234,1
Library Sort,500,duplicate-heavy,5,20260930,17484190632189212043,LMS,0,218458,1
Merge Sort,500,duplicate-heavy,5,20260930,17484190632189212043,LMS,1,17774,1
Shell Sort,500,duplicate-heavy,5,20260930,17484190632189212043,LMS,2,19035,1
Shell Sort,500,duplicate-heavy,6,20260930,6065391351065723087,SML,0,16441,1
Merge Sort,500,duplicate-heavy,6,20260930,6065391351065723087,SML,1,17953,1
Library Sort,500,duplicate-heavy,6,20260930,6065391351065723087,SML,2,216484,1
Shell Sort,500,duplicate-heavy,7,20260930,15560237582770354563,SLM,0,15599,1
Library Sort,500,duplicate-heavy,7,20260930,15560237582770354563,SLM,1,210824,1
Merge Sort,500,duplicate-heavy,7,20260930,15560237582770354563,SLM,2,25437,1
Merge Sort,500,duplicate-heavy,8,20260930,2307149302073447425,MSL,0,48180,1
Shell Sort,500,duplicate-heavy,8,20260930,2307149302073447425,MSL,1,16020,1
Library Sort,500,duplicate-heavy,8,20260930,2307149302073447425,MSL,2,219250,1
Merge Sort,500,duplicate-heavy,9,20260930,3437060501438373614,MLS,0,17983,1
Library Sort,500,duplicate-heavy,9,20260930,3437060501438373614,MLS,1,215322,1
Shell Sort,500,duplicate-heavy,9,20260930,3437060501438373614,MLS,2,16511,1
Library Sort,500,duplicate-heavy,10,20260930,2557738825405306666,LSM,0,240029,1
Shell Sort,500,duplicate-heavy,10,20260930,2557738825405306666,LSM,1,15329,1
Merge Sort,500,duplicate-heavy,10,20260930,2557738825405306666,LSM,2,17854,1
Library Sort,500,duplicate-heavy,11,20260930,3112497778048001592,LMS,0,250648,1
Merge Sort,500,duplicate-heavy,11,20260930,3112497778048001592,LMS,1,18154,1
Shell Sort,500,duplicate-heavy,11,20260930,3112497778048001592,LMS,2,15499,1
Shell Sort,500,duplicate-heavy,12,20260930,3117209298070368511,SML,0,16010,1
Merge Sort,500,duplicate-heavy,12,20260930,3117209298070368511,SML,1,18114,1
Library Sort,500,duplicate-heavy,12,20260930,3117209298070368511,SML,2,231532,1
Shell Sort,500,duplicate-heavy,13,20260930,11631952164531657913,SLM,0,17843,1
Library Sort,500,duplicate-heavy,13,20260930,11631952164531657913,SLM,1,216293,1
Merge Sort,500,duplicate-heavy,13,20260930,11631952164531657913,SLM,2,18264,1
Merge Sort,500,duplicate-heavy,14,20260930,11520430446686505527,MSL,0,17973,1
Shell Sort,500,duplicate-heavy,14,20260930,11520430446686505527,MSL,1,15419,1
Library Sort,500,duplicate-heavy,14,20260930,11520430446686505527,MSL,2,236722,1
Merge Sort,500,duplicate-heavy,15,20260930,12406743061864090323,MLS,0,17904,1
Library Sort,500,duplicate-heavy,15,20260930,12406743061864090323,MLS,1,220482,1
Shell Sort,500,duplicate-heavy,15,20260930,12406743061864090323,MLS,2,16952,1
Library Sort,500,duplicate-heavy,16,20260930,3580938237305602987,LSM,0,229158,1
Shell Sort,500,duplicate-heavy,16,20260930,3580938237305602987,LSM,1,17934,1
Merge Sort,500,duplicate-heavy,16,20260930,3580938237305602987,LSM,2,18314,1
Library Sort,500,duplicate-heavy,17,20260930,17347156446221553270,LMS,0,224550,1
Merge Sort,500,duplicate-heavy,17,20260930,17347156446221553270,LMS,1,18214,1
Shell Sort,500,duplicate-heavy,17,20260930,17347156446221553270,LMS,2,15780,1
Shell Sort,500,duplicate-heavy,18,20260930,11572392359869551235,SML,0,17973,1
Merge Sort,500,duplicate-heavy,18,20260930,11572392359869551235,SML,1,18434,1
Library Sort,500,duplicate-heavy,18,20260930,11572392359869551235,SML,2,233707,1
Shell Sort,500,duplicate-heavy,19,20260930,13102275397725633589,SLM,0,17083,1
Library Sort,500,duplicate-heavy,19,20260930,13102275397725633589,SLM,1,252481,1
Merge Sort,500,duplicate-heavy,19,20260930,13102275397725633589,SLM,2,18685,1
Merge Sort,500,duplicate-heavy,20,20260930,946343097462863156,MSL,0,18205,1
Shell Sort,500,duplicate-heavy,20,20260930,946343097462863156,MSL,1,16330,1
Library Sort,500,duplicate-heavy,20,20260930,946343097462863156,MSL,2,239848,1
Merge Sort,500,duplicate-heavy,21,20260930,3743535989887074291,MLS,0,18165,1
Library Sort,500,duplicate-heavy,21,20260930,3743535989887074291,MLS,1,247392,1
Shell Sort,500,duplicate-heavy,21,20260930,3743535989887074291,MLS,2,16270,1
Library Sort,500,duplicate-heavy,22,20260930,15343800901767548200,LSM,0,215162,1
Shell Sort,500,duplicate-heavy,22,20260930,15343800901767548200,LSM,1,16400,1
Merge Sort,500,duplicate-heavy,22,20260930,15343800901767548200,LSM,2,17963,1
Library Sort,500,duplicate-heavy,23,20260930,1622637163939507932,LMS,0,216063,1
Merge Sort,500,duplicate-heavy,23,20260930,1622637163939507932,LMS,1,18224,1
Shell Sort,500,duplicate-heavy,23,20260930,1622637163939507932,LMS,2,16020,1
Shell Sort,500,duplicate-heavy,24,20260930,4927197446547089865,SML,0,17102,1
Merge Sort,500,duplicate-heavy,24,20260930,4927197446547089865,SML,1,18043,1
Library Sort,500,duplicate-heavy,24,20260930,4927197446547089865,SML,2,223166,1
Shell Sort,500,duplicate-heavy,25,20260930,1146928895640237903,SLM,0,16150,1
Library Sort,500,duplicate-heavy,25,20260930,1146928895640237903,SLM,1,273191,1
Merge Sort,500,duplicate-heavy,25,20260930,1146928895640237903,SLM,2,18695,1
Merge Sort,500,duplicate-heavy,26,20260930,6240926893421322559,MSL,0,18174,1
Shell Sort,500,duplicate-heavy,26,20260930,6240926893421322559,MSL,1,16761,1
Library Sort,500,duplicate-heavy,26,20260930,6240926893421322559,MSL,2,223037,1
Merge Sort,500,duplicate-heavy,27,20260930,13750120105054454662,MLS,0,17823,1
Library Sort,500,duplicate-heavy,27,20260930,13750120105054454662,MLS,1,224669,1
Shell Sort,500,duplicate-heavy,27,20260930,13750120105054454662,MLS,2,16020,1
Library Sort,500,duplicate-heavy,28,20260930,13637336027337847921,LSM,0,272319,1
Shell Sort,500,duplicate-heavy,28,20260930,13637336027337847921,LSM,1,16361,1
Merge Sort,500,duplicate-heavy,28,20260930,13637336027337847921,LSM,2,18665,1
Library Sort,500,duplicate-heavy,29,20260930,13768228683491373270,LMS,0,245158,1
Merge Sort,500,duplicate-heavy,29,20260930,13768228683491373270,LMS,1,18314,1
Shell Sort,500,duplicate-heavy,29,20260930,13768228683491373270,LMS,2,16501,1
Shell Sort,1000,random,0,20260930,18439179089153588336,SML,0,58719,1
Merge Sort,1000,random,0,20260930,18439179089153588336,SML,1,46286,1
Library Sort,1000,random,0,20260930,18439179089153588336,SML,2,1029372,1
Shell Sort,1000,random,1,20260930,3374754896142117630,SLM,0,51777,1
Library Sort,1000,random,1,20260930,3374754896142117630,SLM,1,907685,1
Merge Sort,1000,random,1,20260930,3374754896142117630,SLM,2,46456,1
Merge Sort,1000,random,2,20260930,13824821944903670409,MSL,0,46507,1
Shell Sort,1000,random,2,20260930,13824821944903670409,MSL,1,63669,1
Library Sort,1000,random,2,20260930,13824821944903670409,MSL,2,941478,1
Merge Sort,1000,random,3,20260930,10426724422788055521,MLS,0,46617,1
Library Sort,1000,random,3,20260930,10426724422788055521,MLS,1,866098,1
Shell Sort,1000,random,3,20260930,10426724422788055521,MLS,2,71444,1
Library Sort,1000,random,4,20260930,10357721728831399214,LSM,0,945967,1
Shell Sort,1000,random,4,20260930,10357721728831399214,LSM,1,58610,1
Merge Sort,1000,random,4,20260930,10357721728831399214,LSM,2,46717,1
Library Sort,1000,random,5,20260930,5289205305456233731,LMS,0,918936,1
Merge Sort,1000,random,5,20260930,5289205305456233731,LMS,1,46477,1
Shell Sort,1000,random,5,20260930,5289205305456233731,LMS,2,59171,1
Shell Sort,1000,random,6,20260930,250917081400473810,SML,0,58830,1
Merge Sort,1000,random,6,20260930,250917081400473810,SML,1,46697,1
Library Sort,1000,random,6,20260930,250917081400473810,SML,2,920219,1
Shell Sort,1000,random,7,20260930,17178503454337888431,SLM,0,58440,1
Library Sort,1000,random,7,20260930,17178503454337888431,SLM,1,904129,1
Merge Sort,1000,random,7,20260930,17178503454337888431,SLM,2,46367,1
Merge Sort,1000,random,8,20260930,2264711061968318463,MSL,0,45765,1
Shell Sort,1000,random,8,20260930,2264711061968318463,MSL,1,57798,1
Library Sort,1000,random,8,20260930,2264711061968318463,MSL,2,902275,1
Merge Sort,1000,random,9,20260930,3512288308494617315,MLS,0,46518,1
Library Sort,1000,random,9,20260930,3512288308494617315,MLS,1,914177,1
Shell Sort,1000,random,9,20260930,3512288308494617315,MLS,2,53450,1
Library Sort,1000,random,10,20260930,4374137633187426098,LSM,0,942691,1
Shell Sort,1000,random,10,20260930,4374137633187426098,LSM,1,53410,1
Merge Sort,1000,random,10,20260930,4374137633187426098,LSM,2,47519,1
Library Sort,1000,random,11,20260930,15153289205986659695,LMS,0,870646,1
Merge Sort,1000,random,11,20260930,15153289205986659695,LMS,1,51596,1
Shell Sort,1000,random,11,20260930,15153289205986659695,LMS,2,59020,1
Shell Sort,1000,random,12,20260930,11910847705046742341,SML,0,57908,1
Merge Sort,1000,random,12,20260930,11910847705046742341,SML,1,47218,1
Library Sort,1000,random,12,20260930,11910847705046742341,SML,2,898498,1
Shell Sort,1000,random,13,20260930,13178779217368564635,SLM,0,53850,1
Library Sort,1000,random,13,20260930,13178779217368564635,SLM,1,1022941,1
Merge Sort,1000,random,13,20260930,13178779217368564635,SLM,2,73938,1
Merge Sort,1000,random,14,20260930,9550104329084293116,MSL,0,57567,1
Shell Sort,1000,random,14,20260930,9550104329084293116,MSL,1,52718,1
Library Sort,1000,random,14,20260930,9550104329084293116,MSL,2,1675229,1
Merge Sort,1000,random,15,20260930,11543195261619830006,MLS,0,63068,1
Library Sort,1000,random,15,20260930,11543195261619830006,MLS,1,1789843,1
Shell Sort,1000,random,15,20260930,11543195261619830006,MLS,2,89207,1
Library Sort,1000,random,16,20260930,3658033876570815761,LSM,0,1947016,1
Shell Sort,1000,random,16,20260930,3658033876570815761,LSM,1,92533,1
Merge Sort,1000,random,16,20260930,3658033876570815761,LSM,2,57757,1
Library Sort,1000,random,17,20260930,16992635135472050865,LMS,0,1044153,1
Merge Sort,1000,random,17,20260930,16992635135472050865,LMS,1,145510,1
Shell Sort,1000,random,17,20260930,16992635135472050865,LMS,2,161372,1
Shell Sort,1000,random,18,20260930,17883437897628403757,SML,0,105196,1
Merge Sort,1000,random,18,20260930,17883437897628403757,SML,1,87203,1
Library Sort,1000,random,18,20260930,17883437897628403757,SML,2,1623993,1
Shell Sort,1000,random,19,20260930,777480054493522004,SLM,0,52127,1
Library Sort,1000,random,19,20260930,777480054493522004,SLM,1,1042026,1
Merge Sort,1000,random,19,20260930,777480054493522004,SLM,2,55764,1
Merge Sort,1000,random,20,20260930,11504225101024010543,MSL,0,66985,1
Shell Sort,1000,random,20,20260930,11504225101024010543,MSL,1,53410,1
Library Sort,1000,random,20,20260930,11504225101024010543,MSL,2,978387,1
Merge Sort,1000,random,21,20260930,15890260844660631244,MLS,0,55203,1
Library Sort,1000,random,21,20260930,15890260844660631244,MLS,1,1079156,1
Shell Sort,1000,random,21,20260930,15890260844660631244,MLS,2,61264,1
Library Sort,1000,random,22,20260930,1174086662610379802,LSM,0,942861,1
Shell Sort,1000,random,22,20260930,1174086662610379802,LSM,1,59682,1
Merge Sort,1000,random,22,20260930,1174086662610379802,LSM,2,46988,1
Library Sort,1000,random,23,20260930,13238516894669104891,LMS,0,937381,1
Merge Sort,1000,random,23,20260930,13238516894669104891,LMS,1,46507,1
Shell Sort,1000,random,23,20260930,13238516894669104891,LMS,2,53731,1
Shell Sort,1000,random,24,20260930,17542736068452754758,SML,0,58018,1
Merge Sort,1000,random,24,20260930,17542736068452754758,SML,1,51016,1
Library Sort,1000,random,24,20260930,17542736068452754758,SML,2,918516,1
Shell Sort,1000,random,25,20260930,5958383918216481253,SLM,0,53460,1
Library Sort,1000,random,25,20260930,5958383918216481253,SLM,1,875405,1
Merge Sort,1000,random,25,20260930,5958383918216481253,SLM,2,46306,1
Merge Sort,1000,random,26,20260930,9523768869940626784,MSL,0,57528,1
Shell Sort,1000,random,26,20260930,9523768869940626784,MSL,1,52959,1
Library Sort,1000,random,26,20260930,9523768869940626784,MSL,2,906483,1
Merge Sort,1000,random,27,20260930,5178812699017393941,MLS,0,46957,1
Library Sort,1000,random,27,20260930,5178812699017393941,MLS,1,870125,1
Shell Sort,1000,random,27,20260930,5178812699017393941,MLS,2,52618,1
Library Sort,1000,random,28,20260930,1599012157177426617,LSM,0,898077,1
Shell Sort,1000,random,28,20260930,1599012157177426617,LSM,1,57878,1
Merge Sort,1000,random,28,20260930,1599012157177426617,LSM,2,46497,1
Library Sort,1000,random,29,20260930,5782901725805699615,LMS,0,895563,1
Merge Sort,1000,random,29,20260930,5782901725805699615,LMS,1,46978,1
Shell Sort,1000,random,29,20260930,5782901725805699615,LMS,2,58619,1
Shell Sort,1000,sorted,0,20260930,3169555859777190876,SML,0,9317,1
Merge Sort,1000,sorted,0,20260930,3169555859777190876,SML,1,15148,1
Library Sort,1000,sorted,0,20260930,3169555859777190876,SML,2,2892663,1
Shell Sort,1000,sorted,1,20260930,16758237017749573021,SLM,0,12333,1
Library Sort,1000,sorted,1,20260930,16758237017749573021,SLM,1,3889525,1
Merge Sort,1000,sorted,1,20260930,16758237017749573021,SLM,2,13676,1
Merge Sort,1000,sorted,2,20260930,2123709029882419368,MSL,0,13164,1
Shell Sort,1000,sorted,2,20260930,2123709029882419368,MSL,1,7584,1
Library Sort,1000,sorted,2,20260930,2123709029882419368,MSL,2,2821792,1
Merge Sort,1000,sorted,3,20260930,10797927838122847401,MLS,0,29555,1
Library Sort,1000,sorted,3,20260930,10797927838122847401,MLS,1,3849630,1
Shell Sort,1000,sorted,3,20260930,10797927838122847401,MLS,2,11311,1
Library Sort,1000,sorted,4,20260930,1369679404410000101,LSM,0,4136055,1
Shell Sort,1000,sorted,4,20260930,1369679404410000101,LSM,1,13696,1
Merge Sort,1000,sorted,4,20260930,1369679404410000101,LSM,2,30046,1
Library Sort,1000,sorted,5,20260930,11905211679444047089,LMS,0,4044313,1
Merge Sort,1000,sorted,5,20260930,11905211679444047089,LMS,1,29545,1
Shell Sort,1000,sorted,5,20260930,11905211679444047089,LMS,2,13305,1
Shell Sort,1000,sorted,6,20260930,9552805655427687829,SML,0,13295,1
Merge Sort,1000,sorted,6,20260930,9552805655427687829,SML,1,29264,1
Library Sort,1000,sorted,6,20260930,9552805655427687829,SML,2,3944948,1
Shell Sort,1000,sorted,7,20260930,17389393439205968277,SLM,0,14387,1
Library Sort,1000,sorted,7,20260930,17389393439205968277,SLM,1,3516518,1
Merge Sort,1000,sorted,7,20260930,17389393439205968277,SLM,2,46988,1
Merge Sort,1000,sorted,8,20260930,6266584389510673442,MSL,0,28292,1
Shell Sort,1000,sorted,8,20260930,6266584389510673442,MSL,1,12383,1
Library Sort,1000,sorted,8,20260930,6266584389510673442,MSL,2,3366808,1
Merge Sort,1000,sorted,9,20260930,15571251649734884167,MLS,0,31288,1
Library Sort,1000,sorted,9,20260930,15571251649734884167,MLS,1,2072782,1
Shell Sort,1000,sorted,9,20260930,15571251649734884167,MLS,2,11070,1
Library Sort,1000,sorted,10,20260930,2554048818104643601,LSM,0,2981718,1
Shell Sort,1000,sorted,10,20260930,2554048818104643601,LSM,1,14277,1
Merge Sort,1000,sorted,10,20260930,2554048818104643601,LSM,2,29765,1
Library Sort,1000,sorted,11,20260930,16804013788510082454,LMS,0,2160983,1
Merge Sort,1000,sorted,11,20260930,16804013788510082454,LMS,1,13695,1
Shell Sort,1000,sorted,11,20260930,16804013788510082454,LMS,2,7574,1
Shell Sort,1000,sorted,12,20260930,10421943717758701494,SML,0,7494,1
Merge Sort,1000,sorted,12,20260930,10421943717758701494,SML,1,13175,1
Library Sort,1000,sorted,12,20260930,10421943717758701494,SML,2,2086507,1
Shell Sort,1000,sorted,13,20260930,17384681169006909417,SLM,0,10039,1
Library Sort,1000,sorted,13,20260930,17384681169006909417,SLM,1,1816723,1
Merge Sort,1000,sorted,13,20260930,17384681169006909417,SLM,2,13916,1
Merge Sort,1000,sorted,14,20260930,16092486224182654518,MSL,0,13045,1
Shell Sort,1000,sorted,14,20260930,16092486224182654518,MSL,1,7514,1
Library Sort,1000,sorted,14,20260930,16092486224182654518,MSL,2,1816001,1
Merge Sort,1000,sorted,15,20260930,18228109978257844697,MLS,0,13054,1
Library Sort,1000,sorted,15,20260930,18228109978257844697,MLS,1,1828115,1
Shell Sort,1000,sorted,15,20260930,18228109978257844697,MLS,2,7544,1
Library Sort,1000,sorted,16,20260930,6647822110258648310,LSM,0,1681681,1
Shell Sort,1000,sorted,16,20260930,6647822110258648310,LSM,1,7524,1
Merge Sort,1000,sorted,16,20260930,6647822110258648310,LSM,2,13666,1
Library Sort,1000,sorted,17,20260930,4205283860252670615,LMS,0,1677794,1
Merge Sort,1000,sorted,17,20260930,4205283860252670615,LMS,1,13044,1
Shell Sort,1000,sorted,17,20260930,4205283860252670615,LMS,2,7544,1
Shell Sort,1000,sorted,18,20260930,17962796112437222875,SML,0,7524,1
Merge Sort,1000,sorted,18,20260930,17962796112437222875,SML,1,13014,1
Library Sort,1000,sorted,18,20260930,17962796112437222875,SML,2,1751662,1
Shell Sort,1000,sorted,19,20260930,7234357950797751280,SLM,0,7514,1
Library Sort,1000,sorted,19,20260930,7234357950797751280,SLM,1,1878288,1
Merge Sort,1000,sorted,19,20260930,7234357950797751280,SLM,2,13466,1
Merge Sort,1000,sorted,20,20260930,15472143236985680141,MSL,0,13034,1
Shell Sort,1000,sorted,20,20260930,15472143236985680141,MSL,1,7554,1
Library Sort,1000,sorted,20,20260930,15472143236985680141,MSL,2,1904517,1
Merge Sort,1000,sorted,21,20260930,6061860149045557443,MLS,0,13726,1
Library Sort,1000,sorted,21,20260930,6061860149045557443,MLS,1,1751541,1
Shell Sort,1000,sorted,21,20260930,6061860149045557443,MLS,2,7574,1
Library Sort,1000,sorted,22,20260930,15770526936906681547,LSM,0,1894057,1
Shell Sort,1000,sorted,22,20260930,15770526936906681547,LSM,1,7534,1
Merge Sort,1000,sorted,22,20260930,15770526936906681547,LSM,2,13815,1
Library Sort,1000,sorted,23,20260930,2644264773547557121,LMS,0,1898726,1
Merge Sort,1000,sorted,23,20260930,2644264773547557121,LMS,1,13676,1
Shell Sort,1000,sorted,23,20260930,2644264773547557121,LMS,2,7614,1
Shell Sort,1000,sorted,24,20260930,17276892019970587857,SML,0,7514,1
Merge Sort,1000,sorted,24,20260930,17276892019970587857,SML,1,13054,1
Library Sort,1000,sorted,24,20260930,17276892019970587857,SML,2,1823646,1
Shell Sort,1000,sorted,25,20260930,9680700538333829689,SLM,0,7524,1
Library Sort,1000,sorted,25,20260930,9680700538333829689,SLM,1,1815371,1
Merge Sort,1000,sorted,25,20260930,9680700538333829689,SLM,2,13094,1
Merge Sort,1000,sorted,26,20260930,11670777339622506242,MSL,0,13044,1
Shell Sort,1000,sorted,26,20260930,11670777339622506242,MSL,1,7524,1
Library Sort,1000,sorted,26,20260930,11670777339622506242,MSL,2,1685748,1
Merge Sort,1000,sorted,27,20260930,16610493692241702039,MLS,0,13044,1
Library Sort,1000,sorted,27,20260930,16610493692241702039,MLS,1,1803438,1
Shell Sort,1000,sorted,27,20260930,16610493692241702039,MLS,2,7534,1
Library Sort,1000,sorted,28,20260930,9406911006082828674,LSM,0,1885833,1
Shell Sort,1000,sorted,28,20260930,9406911006082828674,LSM,1,7534,1
Merge Sort,1000,sorted,28,20260930,9406911006082828674,LSM,2,13145,1
Library Sort,1000,sorted,29,20260930,17206673310798928191,LMS,0,1820811,1
Merge Sort,1000,sorted,29,20260930,17206673310798928191,LMS,1,13125,1
Shell Sort,1000,sorted,29,20260930,17206673310798928191,LMS,2,7544,1
Shell Sort,1000,reverse,0,20260930,12653493849989408641,SML,0,11772,1
Merge Sort,1000,reverse,0,20260930,12653493849989408641,SML,1,11452,1
Library Sort,1000,reverse,0,20260930,12653493849989408641,SML,2,185196,1
Shell Sort,1000,reverse,1,20260930,5597426781974777731,SLM,0,11441,1
Library Sort,1000,reverse,1,20260930,5597426781974777731,SLM,1,193221,1
Merge Sort,1000,reverse,1,20260930,5597426781974777731,SLM,2,11873,1
Merge Sort,1000,reverse,2,20260930,3183970528500780246,MSL,0,11392,1
Shell Sort,1000,reverse,2,20260930,3183970528500780246,MSL,1,11591,1
Library Sort,1000,reverse,2,20260930,3183970528500780246,MSL,2,183423,1
Merge Sort,1000,reverse,3,20260930,2212192513109586389,MLS,0,11341,1
Library Sort,1000,reverse,3,20260930,2212192513109586389,MLS,1,179405,1
Shell Sort,1000,reverse,3,20260930,2212192513109586389,MLS,2,11532,1
Library Sort,1000,reverse,4,20260930,10574316449264228099,LSM,0,167263,1
Shell Sort,1000,reverse,4,20260930,10574316449264228099,LSM,1,11501,1
Merge Sort,1000,reverse,4,20260930,10574316449264228099,LSM,2,10349,1
Library Sort,1000,reverse,5,20260930,3359120155889509746,LMS,0,176289,1
Merge Sort,1000,reverse,5,20260930,3359120155889509746,LMS,1,10349,1
Shell Sort,1000,reverse,5,20260930,3359120155889509746,LMS,2,11512,1
Shell Sort,1000,reverse,6,20260930,6857182655946930219,SML,0,11481,1
Merge Sort,1000,reverse,6,20260930,6857182655946930219,SML,1,10349,1
Library Sort,1000,reverse,6,20260930,6857182655946930219,SML,2,166822,1
Shell Sort,1000,reverse,7,20260930,13971966195291481144,SLM,0,21600,1
Library Sort,1000,reverse,7,20260930,13971966195291481144,SLM,1,167523,1
Merge Sort,1000,reverse,7,20260930,13971966195291481144,SLM,2,10700,1
Merge Sort,1000,reverse,8,20260930,9643227431399081978,MSL,0,10380,1
Shell Sort,1000,reverse,8,20260930,9643227431399081978,MSL,1,10911,1
Library Sort,1000,reverse,8,20260930,9643227431399081978,MSL,2,167292,1
Merge Sort,1000,reverse,9,20260930,565108872997523703,MLS,0,10350,1
Library Sort,1000,reverse,9,20260930,565108872997523703,MLS,1,167263,1
Shell Sort,1000,reverse,9,20260930,565108872997523703,MLS,2,10820,1
Library Sort,1000,reverse,10,20260930,6219296724898206863,LSM,0,189865,1
Shell Sort,1000,reverse,10,20260930,6219296724898206863,LSM,1,11572,1
Merge Sort,1000,reverse,10,20260930,6219296724898206863,LSM,2,10449,1
Library Sort,1000,reverse,11,20260930,12334150641291173678,LMS,0,167273,1
Merge Sort,1000,reverse,11,20260930,12334150641291173678,LMS,1,10319,1
Shell Sort,1000,reverse,11,20260930,12334150641291173678,LMS,2,11491,1
Shell Sort,1000,reverse,12,20260930,6004035300978530432,SML,0,11482,1
Merge Sort,1000,reverse,12,20260930,6004035300978530432,SML,1,22172,1
Library Sort,1000,reverse,12,20260930,6004035300978530432,SML,2,223507,1
Shell Sort,1000,reverse,13,20260930,11509008015917556677,SLM,0,11541,1
Library Sort,1000,reverse,13,20260930,11509008015917556677,SLM,1,167212,1
Merge Sort,1000,reverse,13,20260930,11509008015917556677,SLM,2,10409,1
Merge Sort,1000,reverse,14,20260930,3179536888975694032,MSL,0,10319,1
Shell Sort,1000,reverse,14,20260930,3179536888975694032,MSL,1,11552,1
Library Sort,1000,reverse,14,20260930,3179536888975694032,MSL,2,192239,1
Merge Sort,1000,reverse,15,20260930,6702956269271156859,MLS,0,10399,1
Library Sort,1000,reverse,15,20260930,6702956269271156859,MLS,1,167142,1
Shell Sort,1000,reverse,15,20260930,6702956269271156859,MLS,2,11662,1
Library Sort,1000,reverse,16,20260930,1885353043690502010,LSM,0,167363,1
Shell Sort,1000,reverse,16,20260930,1885353043690502010,LSM,1,11471,1
Merge Sort,1000,reverse,16,20260930,1885353043690502010,LSM,2,10339,1
Library Sort,1000,reverse,17,20260930,6120687106125036907,LMS,0,167212,1
Merge Sort,1000,reverse,17,20260930,6120687106125036907,LMS,1,10350,1
Shell Sort,1000,reverse,17,20260930,6120687106125036907,LMS,2,11512,1
Shell Sort,1000,reverse,18,20260930,3178516263461498678,SML,0,11491,1
Merge Sort,1000,reverse,18,20260930,3178516263461498678,SML,1,10329,1
Library Sort,1000,reverse,18,20260930,3178516263461498678,SML,2,194624,1
Shell Sort,1000,reverse,19,20260930,13128401957965617296,SLM,0,11501,1
Library Sort,1000,reverse,19,20260930,13128401957965617296,SLM,1,167092,1
Merge Sort,1000,reverse,19,20260930,13128401957965617296,SLM,2,10410,1
Merge Sort,1000,reverse,20,20260930,8208483742012157997,MSL,0,10349,1
Shell Sort,1000,reverse,20,20260930,8208483742012157997,MSL,1,11462,1
Library Sort,1000,reverse,20,20260930,8208483742012157997,MSL,2,167302,1
Merge Sort,1000,reverse,21,20260930,2158999231440785133,MLS,0,10309,1
Library Sort,1000,reverse,21,20260930,2158999231440785133,MLS,1,167242,1
Shell Sort,1000,reverse,21,20260930,2158999231440785133,MLS,2,11492,1
Library Sort,1000,reverse,22,20260930,14595362006425339724,LSM,0,167242,1
Shell Sort,1000,reverse,22,20260930,14595362006425339724,LSM,1,11431,1
Merge Sort,1000,reverse,22,20260930,14595362006425339724,LSM,2,10350,1
Library Sort,1000,reverse,23,20260930,16534382058216913297,LMS,0,192950,1
Merge Sort,1000,reverse,23,20260930,16534382058216913297,LMS,1,10409,1
Shell Sort,1000,reverse,23,20260930,16534382058216913297,LMS,2,11581,1
Shell Sort,1000,reverse,24,20260930,9160849912525920131,SML,0,11472,1
Merge Sort,1000,reverse,24,20260930,9160849912525920131,SML,1,10359,1
Library Sort,1000,reverse,24,20260930,9160849912525920131,SML,2,167362,1
Shell Sort,1000,reverse,25,20260930,1730896842012076719,SLM,0,11482,1
Library Sort,1000,reverse,25,20260930,1730896842012076719,SLM,1,167242,1
Merge Sort,1000,reverse,25,20260930,1730896842012076719,SLM,2,10359,1
Merge Sort,1000,reverse,26,20260930,12874978267699860,MSL,0,10350,1
Shell Sort,1000,reverse,26,20260930,12874978267699860,MSL,1,11472,1
Library Sort,1000,reverse,26,20260930,12874978267699860,MSL,2,167233,1
Merge Sort,1000,reverse,27,20260930,9199452239009359558,MLS,0,10349,1
Library Sort,1000,reverse,27,20260930,9199452239009359558,MLS,1,177021,1
Shell Sort,1000,reverse,27,20260930,9199452239009359558,MLS,2,11531,1
Library Sort,1000,reverse,28,20260930,633458101815353670,LSM,0,167342,1
Shell Sort,1000,reverse,28,20260930,633458101815353670,LSM,1,11452,1
Merge Sort,1000,reverse,28,20260930,633458101815353670,LSM,2,10370,1
Library Sort,1000,reverse,29,20260930,14101971667930831867,LMS,0,167232,1
Merge Sort,1000,reverse,29,20260930,14101971667930831867,LMS,1,11131,1
Shell Sort,1000,reverse,29,20260930,14101971667930831867,LMS,2,11491,1
Shell Sort,1000,duplicate-heavy,0,20260930,15139345110161793847,SML,0,38362,1
Merge Sort,1000,duplicate-heavy,0,20260930,15139345110161793847,SML,1,36999,1
Library Sort,1000,duplicate-heavy,0,20260930,15139345110161793847,SML,2,776540,1
Shell Sort,1000,duplicate-heavy,1,20260930,4016115833132913814,SLM,0,36548,1
Library Sort,1000,duplicate-heavy,1,20260930,4016115833132913814,SLM,1,864024,1
Merge Sort,1000,duplicate-heavy,1,20260930,4016115833132913814,SLM,2,40476,1
Merge Sort,1000,duplicate-heavy,2,20260930,17477095916460043810,MSL,0,37090,1
Shell Sort,1000,duplicate-heavy,2,20260930,17477095916460043810,MSL,1,34294,1
Library Sort,1000,duplicate-heavy,2,20260930,17477095916460043810,MSL,2,739291,1
Merge Sort,1000,duplicate-heavy,3,20260930,123868871543563524,MLS,0,37821,1
Library Sort,1000,duplicate-heavy,3,20260930,123868871543563524,MLS,1,773515,1
Shell Sort,1000,duplicate-heavy,3,20260930,123868871543563524,MLS,2,34604,1
Library Sort,1000,duplicate-heavy,4,20260930,13842179886227659590,LSM,0,823188,1
Shell Sort,1000,duplicate-heavy,4,20260930,13842179886227659590,LSM,1,34564,1
Merge Sort,1000,duplicate-heavy,4,20260930,13842179886227659590,LSM,2,37671,1
Library Sort,1000,duplicate-heavy,5,20260930,5961121032218715228,LMS,0,784245,1
Merge Sort,1000,duplicate-heavy,5,20260930,5961121032218715228,LMS,1,36739,1
Shell Sort,1000,duplicate-heavy,5,20260930,5961121032218715228,LMS,2,35105,1
Shell Sort,1000,duplicate-heavy,6,20260930,12587377732837345280,SML,0,34104,1
Merge Sort,1000,duplicate-heavy,6,20260930,12587377732837345280,SML,1,36879,1
Library Sort,1000,duplicate-heavy,6,20260930,12587377732837345280,SML,2,810654,1
Shell Sort,1000,duplicate-heavy,7,20260930,17869596873060019622,SLM,0,34986,1
Library Sort,1000,duplicate-heavy,7,20260930,17869596873060019622,SLM,1,754459,1
Merge Sort,1000,duplicate-heavy,7,20260930,17869596873060019622,SLM,2,37450,1
Merge Sort,1000,duplicate-heavy,8,20260930,17442619320541814674,MSL,0,45986,1
Shell Sort,1000,duplicate-heavy,8,20260930,17442619320541814674,MSL,1,35196,1
Library Sort,1000,duplicate-heavy,8,20260930,17442619320541814674,MSL,2,800035,1
Merge Sort,1000,duplicate-heavy,9,20260930,16931587066588999997,MLS,0,36408,1
Library Sort,1000,duplicate-heavy,9,20260930,16931587066588999997,MLS,1,803490,1
Shell Sort,1000,duplicate-heavy,9,20260930,16931587066588999997,MLS,2,35586,1
Library Sort,1000,duplicate-heavy,10,20260930,13182896020655548595,LSM,0,765209,1
Shell Sort,1000,duplicate-heavy,10,20260930,13182896020655548595,LSM,1,34875,1
Merge Sort,1000,duplicate-heavy,10,20260930,13182896020655548595,LSM,2,37811,1
Library Sort,1000,duplicate-heavy,11,20260930,13684088605228152226,LMS,0,813680,1
Merge Sort,1000,duplicate-heavy,11,20260930,13684088605228152226,LMS,1,37841,1
Shell Sort,1000,duplicate-heavy,11,20260930,13684088605228152226,LMS,2,34464,1
Shell Sort,1000,duplicate-heavy,12,20260930,617471842274605880,SML,0,35777,1
Merge Sort,1000,duplicate-heavy,12,20260930,617471842274605880,SML,1,37290,1
Library Sort,1000,duplicate-heavy,12,20260930,617471842274605880,SML,2,1106637,1
Shell Sort,1000,duplicate-heavy,13,20260930,2798794620451687832,SLM,0,76803,1
Library Sort,1000,duplicate-heavy,13,20260930,2798794620451687832,SLM,1,756743,1
Merge Sort,1000,duplicate-heavy,13,20260930,2798794620451687832,SLM,2,37580,1
Merge Sort,1000,duplicate-heavy,14,20260930,14386507744280352756,MSL,0,37120,1
Shell Sort,1000,duplicate-heavy,14,20260930,14386507744280352756,MSL,1,35516,1
Library Sort,1000,duplicate-heavy,14,20260930,14386507744280352756,MSL,2,951076,1
Merge Sort,1000,duplicate-heavy,15,20260930,15782003018412885577,MLS,0,68428,1
Library Sort,1000,duplicate-heavy,15,20260930,15782003018412885577,MLS,1,855547,1
Shell Sort,1000,duplicate-heavy,15,20260930,15782003018412885577,MLS,2,35597,1
Library Sort,1000,duplicate-heavy,16,20260930,12380016214069234079,LSM,0,1636928,1
Shell Sort,1000,duplicate-heavy,16,20260930,12380016214069234079,LSM,1,48260,1
Merge Sort,1000,duplicate-heavy,16,20260930,12380016214069234079,LSM,2,51997,1
Library Sort,1000,duplicate-heavy,17,20260930,17270433324022264853,LMS,0,1571545,1
Merge Sort,1000,duplicate-heavy,17,20260930,17270433324022264853,LMS,1,235210,1
Shell Sort,1000,duplicate-heavy,17,20260930,17270433324022264853,LMS,2,41808,1
Shell Sort,1000,duplicate-heavy,18,20260930,1377001752929502925,SML,0,46416,1
Merge Sort,1000,duplicate-heavy,18,20260930,1377001752929502925,SML,1,53550,1
Library Sort,1000,duplicate-heavy,18,20260930,1377001752929502925,SML,2,1648449,1
Shell Sort,1000,duplicate-heavy,19,20260930,12469740186966603168,SLM,0,45776,1
Library Sort,1000,duplicate-heavy,19,20260930,12469740186966603168,SLM,1,1884750,1
Merge Sort,1000,duplicate-heavy,19,20260930,12469740186966603168,SLM,2,38031,1
Merge Sort,1000,duplicate-heavy,20,20260930,9446397014874985231,MSL,0,37250,1
Shell Sort,1000,duplicate-heavy,20,20260930,9446397014874985231,MSL,1,34474,1
Library Sort,1000,duplicate-heavy,20,20260930,9446397014874985231,MSL,2,851471,1
Merge Sort,1000,duplicate-heavy,21,20260930,6988050834436193396,MLS,0,37801,1
Library Sort,1000,duplicate-heavy,21,20260930,6988050834436193396,MLS,1,849867,1
Shell Sort,1000,duplicate-heavy,21,20260930,6988050834436193396,MLS,2,34554,1
Library Sort,1000,duplicate-heavy,22,20260930,7185496701003165959,LSM,0,805364,1
Shell Sort,1000,duplicate-heavy,22,20260930,7185496701003165959,LSM,1,36278,1
Merge Sort,1000,duplicate-heavy,22,20260930,7185496701003165959,LSM,2,36809,1
Library Sort,1000,duplicate-heavy,23,20260930,15193111920206432629,LMS,0,829630,1
Merge Sort,1000,duplicate-heavy,23,20260930,15193111920206432629,LMS,1,37300,1
Shell Sort,1000,duplicate-heavy,23,20260930,15193111920206432629,LMS,2,35416,1
Shell Sort,1000,duplicate-heavy,24,20260930,18279379349412961549,SML,0,35035,1
Merge Sort,1000,duplicate-heavy,24,20260930,18279379349412961549,SML,1,37179,1
Library Sort,1000,duplicate-heavy,24,20260930,18279379349412961549,SML,2,798892,1
Shell Sort,1000,duplicate-heavy,25,20260930,18213617519080891550,SLM,0,35025,1
Library Sort,1000,duplicate-heavy,25,20260930,18213617519080891550,SLM,1,797429,1
Merge Sort,1000,duplicate-heavy,25,20260930,18213617519080891550,SLM,2,37069,1
Merge Sort,1000,duplicate-heavy,26,20260930,13645600721969658876,MSL,0,37390,1
Shell Sort,1000,duplicate-heavy,26,20260930,13645600721969658876,MSL,1,35827,1
Library Sort,1000,duplicate-heavy,26,20260930,13645600721969658876,MSL,2,850208,1
Merge Sort,1000,duplicate-heavy,27,20260930,13903547116814478321,MLS,0,37630,1
Library Sort,1000,duplicate-heavy,27,20260930,13903547116814478321,MLS,1,754079,1
Shell Sort,1000,duplicate-heavy,27,20260930,13903547116814478321,MLS,2,34936,1
Library Sort,1000,duplicate-heavy,28,20260930,17944364753309722731,LSM,0,784986,1
Shell Sort,1000,duplicate-heavy,28,20260930,17944364753309722731,LSM,1,34905,1
Merge Sort,1000,duplicate-heavy,28,20260930,17944364753309722731,LSM,2,37600,1
Library Sort,1000,duplicate-heavy,29,20260930,2000600287970473094,LMS,0,767404,1
Merge Sort,1000,duplicate-heavy,29,20260930,2000600287970473094,LMS,1,37479,1
Shell Sort,1000,duplicate-heavy,29,20260930,2000600287970473094,LMS,2,34184,1
Shell Sort,2000,random,0,20260930,11099523220978474333,SML,0,120956,1
Merge Sort,2000,random,0,20260930,11099523220978474333,SML,1,101439,1
Library Sort,2000,random,0,20260930,11099523220978474333,SML,2,3715369,1
Shell Sort,2000,random,1,20260930,17113606792261237656,SLM,0,119964,1
Library Sort,2000,random,1,20260930,17113606792261237656,SLM,1,3610433,1
Merge Sort,2000,random,1,20260930,17113606792261237656,SLM,2,102953,1
Merge Sort,2000,random,2,20260930,14485715238033196799,MSL,0,102992,1
Shell Sort,2000,random,2,20260930,14485715238033196799,MSL,1,131976,1
Library Sort,2000,random,2,20260930,14485715238033196799,MSL,2,3426991,1
Merge Sort,2000,random,3,20260930,2266317459386633608,MLS,0,100908,1
Library Sort,2000,random,3,20260930,2266317459386633608,MLS,1,3627776,1
Shell Sort,2000,random,3,20260930,2266317459386633608,MLS,2,137878,1
Library Sort,2000,random,4,20260930,14238056353296271755,LSM,0,3509755,1
Shell Sort,2000,random,4,20260930,14238056353296271755,LSM,1,132818,1
Merge Sort,2000,random,4,20260930,14238056353296271755,LSM,2,102261,1
Library Sort,2000,random,5,20260930,292689427585721151,LMS,0,3543187,1
Merge Sort,2000,random,5,20260930,292689427585721151,LMS,1,103083,1
Shell Sort,2000,random,5,20260930,292689427585721151,LMS,2,119794,1
Shell Sort,2000,random,6,20260930,13520622132739004614,SML,0,126566,1
Merge Sort,2000,random,6,20260930,13520622132739004614,SML,1,125274,1
Library Sort,2000,random,6,20260930,13520622132739004614,SML,2,3613098,1
Shell Sort,2000,random,7,20260930,6688738346945381491,SLM,0,119634,1
Library Sort,2000,random,7,20260930,6688738346945381491,SLM,1,6193769,1
Merge Sort,2000,random,7,20260930,6688738346945381491,SLM,2,101129,1
Merge Sort,2000,random,8,20260930,7738464121462720069,MSL,0,100388,1
Shell Sort,2000,random,8,20260930,7738464121462720069,MSL,1,119814,1
Library Sort,2000,random,8,20260930,7738464121462720069,MSL,2,4981645,1
Merge Sort,2000,random,9,20260930,3744908019913385764,MLS,0,101079,1
Library Sort,2000,random,9,20260930,3744908019913385764,MLS,1,3936942,1
Shell Sort,2000,random,9,20260930,3744908019913385764,MLS,2,119082,1
Library Sort,2000,random,10,20260930,2757007749921021152,LSM,0,3578212,1
Shell Sort,2000,random,10,20260930,2757007749921021152,LSM,1,130033,1
Merge Sort,2000,random,10,20260930,2757007749921021152,LSM,2,101529,1
Library Sort,2000,random,11,20260930,6741505957010877398,LMS,0,3574857,1
Merge Sort,2000,random,11,20260930,6741505957010877398,LMS,1,111489,1
Shell Sort,2000,random,11,20260930,6741505957010877398,LMS,2,119343,1
Shell Sort,2000,random,12,20260930,5913581167853767357,SML,0,121857,1
Merge Sort,2000,random,12,20260930,5913581167853767357,SML,1,100758,1
Library Sort,2000,random,12,20260930,5913581167853767357,SML,2,3593963,1
Shell Sort,2000,random,13,20260930,10280389824166027610,SLM,0,120475,1
Library Sort,2000,random,13,20260930,10280389824166027610,SLM,1,3496501,1
Merge Sort,2000,random,13,20260930,10280389824166027610,SLM,2,100868,1
Merge Sort,2000,random,14,20260930,14726050679121264815,MSL,0,102221,1
Shell Sort,2000,random,14,20260930,14726050679121264815,MSL,1,133359,1
Library Sort,2000,random,14,20260930,14726050679121264815,MSL,2,3655378,1
Merge Sort,2000,random,15,20260930,14820265080099963810,MLS,0,102091,1
Library Sort,2000,random,15,20260930,14820265080099963810,MLS,1,3636092,1
Shell Sort,2000,random,15,20260930,14820265080099963810,MLS,2,127318,1
Library Sort,2000,random,16,20260930,10190195627351789025,LSM,0,3441027,1
Shell Sort,2000,random,16,20260930,10190195627351789025,LSM,1,132888,1
Merge Sort,2000,random,16,20260930,10190195627351789025,LSM,2,103333,1
Library Sort,2000,random,17,20260930,13021453135085470643,LMS,0,3790209,1
Merge Sort,2000,random,17,20260930,13021453135085470643,LMS,1,102080,1
Shell Sort,2000,random,17,20260930,13021453135085470643,LMS,2,150291,1
Shell Sort,2000,random,18,20260930,13027212891677715356,SML,0,137226,1
Merge Sort,2000,random,18,20260930,13027212891677715356,SML,1,100908,1
Library Sort,2000,random,18,20260930,13027212891677715356,SML,2,3553457,1
Shell Sort,2000,random,19,20260930,5171673703221461847,SLM,0,119223,1
Library Sort,2000,random,19,20260930,5171673703221461847,SLM,1,5214068,1
Merge Sort,2000,random,19,20260930,5171673703221461847,SLM,2,156232,1
Merge Sort,2000,random,20,20260930,2829649637406743412,MSL,0,169226,1
Shell Sort,2000,random,20,20260930,2829649637406743412,MSL,1,140483,1
Library Sort,2000,random,20,20260930,2829649637406743412,MSL,2,4507258,1
Merge Sort,2000,random,21,20260930,15809417112841541154,MLS,0,110235,1
Library Sort,2000,random,21,20260930,15809417112841541154,MLS,1,3486372,1
Shell Sort,2000,random,21,20260930,15809417112841541154,MLS,2,128931,1
Library Sort,2000,random,22,20260930,12617366123872406427,LSM,0,3588582,1
Shell Sort,2000,random,22,20260930,12617366123872406427,LSM,1,117469,1
Merge Sort,2000,random,22,20260930,12617366123872406427,LSM,2,105628,1
Library Sort,2000,random,23,20260930,9862727056975536238,LMS,0,7316274,1
Merge Sort,2000,random,23,20260930,9862727056975536238,LMS,1,151994,1
Shell Sort,2000,random,23,20260930,9862727056975536238,LMS,2,190796,1
Shell Sort,2000,random,24,20260930,15933566726257436749,SML,0,136806,1
Merge Sort,2000,random,24,20260930,15933566726257436749,SML,1,114444,1
Library Sort,2000,random,24,20260930,15933566726257436749,SML,2,6568668,1
Shell Sort,2000,random,25,20260930,3334974643019080070,SLM,0,118612,1
Library Sort,2000,random,25,20260930,3334974643019080070,SLM,1,3636101,1
Merge Sort,2000,random,25,20260930,3334974643019080070,SLM,2,124943,1
Merge Sort,2000,random,26,20260930,9964208573630349197,MSL,0,101139,1
Shell Sort,2000,random,26,20260930,9964208573630349197,MSL,1,121196,1
Library Sort,2000,random,26,20260930,9964208573630349197,MSL,2,3557926,1
Merge Sort,2000,random,27,20260930,7973501440788154290,MLS,0,102491,1
Library Sort,2000,random,27,20260930,7973501440788154290,MLS,1,3693237,1
Shell Sort,2000,random,27,20260930,7973501440788154290,MLS,2,119073,1
Library Sort,2000,random,28,20260930,13516903365542609090,LSM,0,3557204,1
Shell Sort,2000,random,28,20260930,13516903365542609090,LSM,1,120776,1
Merge Sort,2000,random,28,20260930,13516903365542609090,LSM,2,103984,1
Library Sort,2000,random,29,20260930,8797137417546185791,LMS,0,3672209,1
Merge Sort,2000,random,29,20260930,8797137417546185791,LMS,1,101870,1
Shell Sort,2000,random,29,20260930,8797137417546185791,LMS,2,119113,1
Shell Sort,2000,sorted,0,20260930,5111753533844295801,SML,0,19136,1
Merge Sort,2000,sorted,0,20260930,5111753533844295801,SML,1,29776,1
Library Sort,2000,sorted,0,20260930,5111753533844295801,SML,2,7084913,1
Shell Sort,2000,sorted,1,20260930,13909461039527143275,SLM,0,17793,1
Library Sort,2000,sorted,1,20260930,13909461039527143275,SLM,1,10232120,1
Merge Sort,2000,sorted,1,20260930,13909461039527143275,SLM,2,57598,1
Merge Sort,2000,sorted,2,20260930,5521744632894598079,MSL,0,56265,1
Shell Sort,2000,sorted,2,20260930,5521744632894598079,MSL,1,23814,1
Library Sort,2000,sorted,2,20260930,5521744632894598079,MSL,2,14776087,1
Merge Sort,2000,sorted,3,20260930,11077169580543044488,MLS,0,85210,1
Library Sort,2000,sorted,3,20260930,11077169580543044488,MLS,1,8373389,1
Shell Sort,2000,sorted,3,20260930,11077169580543044488,MLS,2,17172,1
Library Sort,2000,sorted,4,20260930,17276705450823776371,LSM,0,7107063,1
Shell Sort,2000,sorted,4,20260930,17276705450823776371,LSM,1,16962,1
Merge Sort,2000,sorted,4,20260930,17276705450823776371,LSM,2,28985,1
Library Sort,2000,sorted,5,20260930,9981271555657794928,LMS,0,7122323,1
Merge Sort,2000,sorted,5,20260930,9981271555657794928,LMS,1,38943,1
Shell Sort,2000,sorted,5,20260930,9981271555657794928,LMS,2,16901,1
Shell Sort,2000,sorted,6,20260930,6831952677606525818,SML,0,16761,1
Merge Sort,2000,sorted,6,20260930,6831952677606525818,SML,1,29655,1
Library Sort,2000,sorted,6,20260930,6831952677606525818,SML,2,7330471,1
Shell Sort,2000,sorted,7,20260930,12341793962142523649,SLM,0,16862,1
Library Sort,2000,sorted,7,20260930,12341793962142523649,SLM,1,7241245,1
Merge Sort,2000,sorted,7,20260930,12341793962142523649,SLM,2,32821,1
Merge Sort,2000,sorted,8,20260930,8651762288103486516,MSL,0,32190,1
Shell Sort,2000,sorted,8,20260930,8651762288103486516,MSL,1,16902,1
Library Sort,2000,sorted,8,20260930,8651762288103486516,MSL,2,7362551,1
Merge Sort,2000,sorted,9,20260930,6837305453129441436,MLS,0,32340,1
Library Sort,2000,sorted,9,20260930,6837305453129441436,MLS,1,7989793,1
Shell Sort,2000,sorted,9,20260930,6837305453129441436,MLS,2,17042,1
Library Sort,2000,sorted,10,20260930,6320633761583013148,LSM,0,7207050,1
Shell Sort,2000,sorted,10,20260930,6320633761583013148,LSM,1,16851,1
Merge Sort,2000,sorted,10,20260930,6320633761583013148,LSM,2,29997,1
Library Sort,2000,sorted,11,20260930,9739561237366136968,LMS,0,7044097,1
Merge Sort,2000,sorted,11,20260930,9739561237366136968,LMS,1,28414,1
Shell Sort,2000,sorted,11,20260930,9739561237366136968,LMS,2,16811,1
Shell Sort,2000,sorted,12,20260930,1045480697752317380,SML,0,16762,1
Merge Sort,2000,sorted,12,20260930,1045480697752317380,SML,1,28674,1
Library Sort,2000,sorted,12,20260930,1045480697752317380,SML,2,7215216,1
Shell Sort,2000,sorted,13,20260930,13315157601342144267,SLM,0,16871,1
Library Sort,2000,sorted,13,20260930,13315157601342144267,SLM,1,10886202,1
Merge Sort,2000,sorted,13,20260930,13315157601342144267,SLM,2,62587,1
Merge Sort,2000,sorted,14,20260930,218797167555929790,MSL,0,55754,1
Shell Sort,2000,sorted,14,20260930,218797167555929790,MSL,1,23714,1
Library Sort,2000,sorted,14,20260930,218797167555929790,MSL,2,14853192,1
Merge Sort,2000,sorted,15,20260930,10277529435624991285,MLS,0,56816,1
Library Sort,2000,sorted,15,20260930,10277529435624991285,MLS,1,15141169,1
Shell Sort,2000,sorted,15,20260930,10277529435624991285,MLS,2,32200,1
Library Sort,2000,sorted,16,20260930,13595904327208774969,LSM,0,15250714,1
Shell Sort,2000,sorted,16,20260930,13595904327208774969,LSM,1,31669,1
Merge Sort,2000,sorted,16,20260930,13595904327208774969,LSM,2,63439,1
Library Sort,2000,sorted,17,20260930,13139260669295251901,LMS,0,14615057,1
Merge Sort,2000,sorted,17,20260930,13139260669295251901,LMS,1,28774,1
Shell Sort,2000,sorted,17,20260930,13139260669295251901,LMS,2,16941,1
Shell Sort,2000,sorted,18,20260930,17530400507841721482,SML,0,16751,1
Merge Sort,2000,sorted,18,20260930,17530400507841721482,SML,1,28012,1
Library Sort,2000,sorted,18,20260930,17530400507841721482,SML,2,10368137,1
Shell Sort,2000,sorted,19,20260930,6888418390543653280,SLM,0,16852,1
Library Sort,2000,sorted,19,20260930,6888418390543653280,SLM,1,7082397,1
Merge Sort,2000,sorted,19,20260930,6888418390543653280,SLM,2,28834,1
Merge Sort,2000,sorted,20,20260930,7139529215900154739,MSL,0,28683,1
Shell Sort,2000,sorted,20,20260930,7139529215900154739,MSL,1,22372,1
Library Sort,2000,sorted,20,20260930,7139529215900154739,MSL,2,7178257,1
Merge Sort,2000,sorted,21,20260930,9525007725783867260,MLS,0,29545,1
Library Sort,2000,sorted,21,20260930,9525007725783867260,MLS,1,12438018,1
Shell Sort,2000,sorted,21,20260930,9525007725783867260,MLS,2,23072,1
Library Sort,2000,sorted,22,20260930,5663042052847974421,LSM,0,8360996,1
Shell Sort,2000,sorted,22,20260930,5663042052847974421,LSM,1,17102,1
Merge Sort,2000,sorted,22,20260930,5663042052847974421,LSM,2,28714,1
Library Sort,2000,sorted,23,20260930,14728605385686400315,LMS,0,7270178,1
Merge Sort,2000,sorted,23,20260930,14728605385686400315,LMS,1,30347,1
Shell Sort,2000,sorted,23,20260930,14728605385686400315,LMS,2,16812,1
Shell Sort,2000,sorted,24,20260930,5787941054871880187,SML,0,16752,1
Merge Sort,2000,sorted,24,20260930,5787941054871880187,SML,1,29675,1
Library Sort,2000,sorted,24,20260930,5787941054871880187,SML,2,7167848,1
Shell Sort,2000,sorted,25,20260930,9405088957093631842,SLM,0,16851,1
Library Sort,2000,sorted,25,20260930,9405088957093631842,SLM,1,7199045,1
Merge Sort,2000,sorted,25,20260930,9405088957093631842,SLM,2,30206,1
Merge Sort,2000,sorted,26,20260930,7107433771344374256,MSL,0,29666,1
Shell Sort,2000,sorted,26,20260930,7107433771344374256,MSL,1,16822,1
Library Sort,2000,sorted,26,20260930,7107433771344374256,MSL,2,7545954,1
Merge Sort,2000,sorted,27,20260930,10818852830023870912,MLS,0,48601,1
Library Sort,2000,sorted,27,20260930,10818852830023870912,MLS,1,7561904,1
Shell Sort,2000,sorted,27,20260930,10818852830023870912,MLS,2,27701,1
Library Sort,2000,sorted,28,20260930,17427881253990399010,LSM,0,8468917,1
Shell Sort,2000,sorted,28,20260930,17427881253990399010,LSM,1,16961,1
Merge Sort,2000,sorted,28,20260930,17427881253990399010,LSM,2,28934,1
Library Sort,2000,sorted,29,20260930,3494196491547103081,LMS,0,7130778,1
Merge Sort,2000,sorted,29,20260930,3494196491547103081,LMS,1,30026,1
Shell Sort,2000,sorted,29,20260930,3494196491547103081,LMS,2,16822,1
Shell Sort,2000,reverse,0,20260930,15746265994148848263,SML,0,25778,1
Merge Sort,2000,reverse,0,20260930,15746265994148848263,SML,1,25828,1
Library Sort,2000,reverse,0,20260930,15746265994148848263,SML,2,728430,1
Shell Sort,2000,reverse,1,20260930,2916014400694827037,SLM,0,25668,1
Library Sort,2000,reverse,1,20260930,2916014400694827037,SLM,1,673027,1
Merge Sort,2000,reverse,1,20260930,2916014400694827037,SLM,2,23434,1
Merge Sort,2000,reverse,2,20260930,3007221964373410686,MSL,0,42440,1
Shell Sort,2000,reverse,2,20260930,3007221964373410686,MSL,1,47478,1
Library Sort,2000,reverse,2,20260930,3007221964373410686,MSL,2,707201,1
Merge Sort,2000,reverse,3,20260930,3388478737077116473,MLS,0,22633,1
Library Sort,2000,reverse,3,20260930,3388478737077116473,MLS,1,644233,1
Shell Sort,2000,reverse,3,20260930,3388478737077116473,MLS,2,50344,1
Library Sort,2000,reverse,4,20260930,2077318794164032747,LSM,0,595482,1
Shell Sort,2000,reverse,4,20260930,2077318794164032747,LSM,1,43602,1
Merge Sort,2000,reverse,4,20260930,2077318794164032747,LSM,2,43711,1
Library Sort,2000,reverse,5,20260930,7189308308674030305,LMS,0,622673,1
Merge Sort,2000,reverse,5,20260930,7189308308674030305,LMS,1,22532,1
Shell Sort,2000,reverse,5,20260930,7189308308674030305,LMS,2,25488,1
Shell Sort,2000,reverse,6,20260930,7678828746912053643,SML,0,25208,1
Merge Sort,2000,reverse,6,20260930,7678828746912053643,SML,1,22101,1
Library Sort,2000,reverse,6,20260930,7678828746912053643,SML,2,616071,1
Shell Sort,2000,reverse,7,20260930,958244858133868912,SLM,0,25338,1
Library Sort,2000,reverse,7,20260930,958244858133868912,SLM,1,604920,1
Merge Sort,2000,reverse,7,20260930,958244858133868912,SLM,2,22121,1
Merge Sort,2000,reverse,8,20260930,15417704911099193669,MSL,0,22011,1
Shell Sort,2000,reverse,8,20260930,15417704911099193669,MSL,1,25297,1
Library Sort,2000,reverse,8,20260930,15417704911099193669,MSL,2,595422,1
Merge Sort,2000,reverse,9,20260930,8923699488580727803,MLS,0,22042,1
Library Sort,2000,reverse,9,20260930,8923699488580727803,MLS,1,604389,1
Shell Sort,2000,reverse,9,20260930,8923699488580727803,MLS,2,25337,1
Library Sort,2000,reverse,10,20260930,17411112271951353135,LSM,0,1228945,1
Shell Sort,2000,reverse,10,20260930,17411112271951353135,LSM,1,48661,1
Merge Sort,2000,reverse,10,20260930,17411112271951353135,LSM,2,22432,1
Library Sort,2000,reverse,11,20260930,11054597815966180553,LMS,0,623995,1
Merge Sort,2000,reverse,11,20260930,11054597815966180553,LMS,1,22803,1
Shell Sort,2000,reverse,11,20260930,11054597815966180553,LMS,2,25407,1
Shell Sort,2000,reverse,12,20260930,4457604418809240731,SML,0,25327,1
Merge Sort,2000,reverse,12,20260930,4457604418809240731,SML,1,22331,1
Library Sort,2000,reverse,12,20260930,4457604418809240731,SML,2,615149,1
Shell Sort,2000,reverse,13,20260930,15284160992182366236,SLM,0,25328,1
Library Sort,2000,reverse,13,20260930,15284160992182366236,SLM,1,595582,1
Merge Sort,2000,reverse,13,20260930,15284160992182366236,SLM,2,47930,1
Merge Sort,2000,reverse,14,20260930,489703899433907874,MSL,0,22091,1
Shell Sort,2000,reverse,14,20260930,489703899433907874,MSL,1,23955,1
Library Sort,2000,reverse,14,20260930,489703899433907874,MSL,2,596474,1
Merge Sort,2000,reverse,15,20260930,15358610145433903554,MLS,0,22031,1
Library Sort,2000,reverse,15,20260930,15358610145433903554,MLS,1,1090748,1
Shell Sort,2000,reverse,15,20260930,15358610145433903554,MLS,2,49502,1
Library Sort,2000,reverse,16,20260930,4706184012619333686,LSM,0,1094604,1
Shell Sort,2000,reverse,16,20260930,4706184012619333686,LSM,1,25498,1
Merge Sort,2000,reverse,16,20260930,4706184012619333686,LSM,2,22382,1
Library Sort,2000,reverse,17,20260930,13418872877217565617,LMS,0,642650,1
Merge Sort,2000,reverse,17,20260930,13418872877217565617,LMS,1,22231,1
Shell Sort,2000,reverse,17,20260930,13418872877217565617,LMS,2,24065,1
Shell Sort,2000,reverse,18,20260930,7188442688682146023,SML,0,45615,1
Merge Sort,2000,reverse,18,20260930,7188442688682146023,SML,1,22191,1
Library Sort,2000,reverse,18,20260930,7188442688682146023,SML,2,595813,1
Shell Sort,2000,reverse,19,20260930,1616719423431961473,SLM,0,25307,1
Library Sort,2000,reverse,19,20260930,1616719423431961473,SLM,1,627011,1
Merge Sort,2000,reverse,19,20260930,1616719423431961473,SLM,2,22432,1
Merge Sort,2000,reverse,20,20260930,13135577861528762950,MSL,0,22031,1
Shell Sort,2000,reverse,20,20260930,13135577861528762950,MSL,1,23945,1
Library Sort,2000,reverse,20,20260930,13135577861528762950,MSL,2,738479,1
Merge Sort,2000,reverse,21,20260930,8973467496181057768,MLS,0,49393,1
Library Sort,2000,reverse,21,20260930,8973467496181057768,MLS,1,821735,1
Shell Sort,2000,reverse,21,20260930,8973467496181057768,MLS,2,25387,1
Library Sort,2000,reverse,22,20260930,10335618325929357022,LSM,0,596124,1
Shell Sort,2000,reverse,22,20260930,10335618325929357022,LSM,1,25267,1
Merge Sort,2000,reverse,22,20260930,10335618325929357022,LSM,2,22492,1
Library Sort,2000,reverse,23,20260930,9012375890916708112,LMS,0,619517,1
Merge Sort,2000,reverse,23,20260930,9012375890916708112,LMS,1,22132,1
Shell Sort,2000,reverse,23,20260930,9012375890916708112,LMS,2,45886,1
Shell Sort,2000,reverse,24,20260930,4159970359697399868,SML,0,27651,1
Merge Sort,2000,reverse,24,20260930,4159970359697399868,SML,1,22282,1
Library Sort,2000,reverse,24,20260930,4159970359697399868,SML,2,865616,1
Shell Sort,2000,reverse,25,20260930,10321612979861859266,SLM,0,51777,1
Library Sort,2000,reverse,25,20260930,10321612979861859266,SLM,1,1330915,1
Merge Sort,2000,reverse,25,20260930,10321612979861859266,SLM,2,46176,1
Merge Sort,2000,reverse,26,20260930,11906100393140962261,MSL,0,48100,1
Shell Sort,2000,reverse,26,20260930,11906100393140962261,MSL,1,50634,1
Library Sort,2000,reverse,26,20260930,11906100393140962261,MSL,2,1191265,1
Merge Sort,2000,reverse,27,20260930,9587076920450136994,MLS,0,22502,1
Library Sort,2000,reverse,27,20260930,9587076920450136994,MLS,1,650525,1
Shell Sort,2000,reverse,27,20260930,9587076920450136994,MLS,2,24446,1
Library Sort,2000,reverse,28,20260930,781656745226822013,LSM,0,617443,1
Shell Sort,2000,reverse,28,20260930,781656745226822013,LSM,1,25537,1
Merge Sort,2000,reverse,28,20260930,781656745226822013,LSM,2,22192,1
Library Sort,2000,reverse,29,20260930,10251062508145069229,LMS,0,595512,1
Merge Sort,2000,reverse,29,20260930,10251062508145069229,LMS,1,22813,1
Shell Sort,2000,reverse,29,20260930,10251062508145069229,LMS,2,25377,1
Shell Sort,2000,duplicate-heavy,0,20260930,9366507311664551272,SML,0,100948,1
Merge Sort,2000,duplicate-heavy,0,20260930,9366507311664551272,SML,1,75180,1
Library Sort,2000,duplicate-heavy,0,20260930,9366507311664551272,SML,2,2956993,1
Shell Sort,2000,duplicate-heavy,1,20260930,15412835508824563889,SLM,0,73157,1
Library Sort,2000,duplicate-heavy,1,20260930,15412835508824563889,SLM,1,2955240,1
Merge Sort,2000,duplicate-heavy,1,20260930,15412835508824563889,SLM,2,75792,1
Merge Sort,2000,duplicate-heavy,2,20260930,3270769639926914526,MSL,0,76633,1
Shell Sort,2000,duplicate-heavy,2,20260930,3270769639926914526,MSL,1,75261,1
Library Sort,2000,duplicate-heavy,2,20260930,3270769639926914526,MSL,2,2844112,1
Merge Sort,2000,duplicate-heavy,3,20260930,6227113822746400771,MLS,0,74860,1
Library Sort,2000,duplicate-heavy,3,20260930,6227113822746400771,MLS,1,3147609,1
Shell Sort,2000,duplicate-heavy,3,20260930,6227113822746400771,MLS,2,74820,1
Library Sort,2000,duplicate-heavy,4,20260930,16071163305956603236,LSM,0,2847098,1
Shell Sort,2000,duplicate-heavy,4,20260930,16071163305956603236,LSM,1,74640,1
Merge Sort,2000,duplicate-heavy,4,20260930,16071163305956603236,LSM,2,76653,1
Library Sort,2000,duplicate-heavy,5,20260930,11297322803683336231,LMS,0,2950351,1
Merge Sort,2000,duplicate-heavy,5,20260930,11297322803683336231,LMS,1,77425,1
Shell Sort,2000,duplicate-heavy,5,20260930,11297322803683336231,LMS,2,73738,1
Shell Sort,2000,duplicate-heavy,6,20260930,3538805002505114149,SML,0,76593,1
Merge Sort,2000,duplicate-heavy,6,20260930,3538805002505114149,SML,1,76232,1
Library Sort,2000,duplicate-heavy,6,20260930,3538805002505114149,SML,2,2913702,1
Shell Sort,2000,duplicate-heavy,7,20260930,11098489345026837668,SLM,0,76884,1
Library Sort,2000,duplicate-heavy,7,20260930,11098489345026837668,SLM,1,3095361,1
Merge Sort,2000,duplicate-heavy,7,20260930,11098489345026837668,SLM,2,76082,1
Merge Sort,2000,duplicate-heavy,8,20260930,15950915713136564636,MSL,0,75791,1
Shell Sort,2000,duplicate-heavy,8,20260930,15950915713136564636,MSL,1,104565,1
Library Sort,2000,duplicate-heavy,8,20260930,15950915713136564636,MSL,2,3094008,1
Merge Sort,2000,duplicate-heavy,9,20260930,1509622201825897896,MLS,0,78486,1
Library Sort,2000,duplicate-heavy,9,20260930,1509622201825897896,MLS,1,2915826,1
Shell Sort,2000,duplicate-heavy,9,20260930,1509622201825897896,MLS,2,73617,1
Library Sort,2000,duplicate-heavy,10,20260930,13303642218710763171,LSM,0,2899696,1
Shell Sort,2000,duplicate-heavy,10,20260930,13303642218710763171,LSM,1,72205,1
Merge Sort,2000,duplicate-heavy,10,20260930,13303642218710763171,LSM,2,76043,1
Library Sort,2000,duplicate-heavy,11,20260930,301837342528862981,LMS,0,2987089,1
Merge Sort,2000,duplicate-heavy,11,20260930,301837342528862981,LMS,1,102902,1
Shell Sort,2000,duplicate-heavy,11,20260930,301837342528862981,LMS,2,87463,1
Shell Sort,2000,duplicate-heavy,12,20260930,14489916465558286203,SML,0,77395,1
Merge Sort,2000,duplicate-heavy,12,20260930,14489916465558286203,SML,1,75731,1
Library Sort,2000,duplicate-heavy,12,20260930,14489916465558286203,SML,2,2940622,1
Shell Sort,2000,duplicate-heavy,13,20260930,11087022097142504213,SLM,0,76824,1
Library Sort,2000,duplicate-heavy,13,20260930,11087022097142504213,SLM,1,2854462,1
Merge Sort,2000,duplicate-heavy,13,20260930,11087022097142504213,SLM,2,76272,1
Merge Sort,2000,duplicate-heavy,14,20260930,15250242217551754487,MSL,0,76313,1
Shell Sort,2000,duplicate-heavy,14,20260930,15250242217551754487,MSL,1,74980,1
Library Sort,2000,duplicate-heavy,14,20260930,15250242217551754487,MSL,2,3081906,1
Merge Sort,2000,duplicate-heavy,15,20260930,2979026892342952833,MLS,0,108663,1
Library Sort,2000,duplicate-heavy,15,20260930,2979026892342952833,MLS,1,5029994,1
Shell Sort,2000,duplicate-heavy,15,20260930,2979026892342952833,MLS,2,116408,1
Library Sort,2000,duplicate-heavy,16,20260930,5991393832456643405,LSM,0,3858967,1
Shell Sort,2000,duplicate-heavy,16,20260930,5991393832456643405,LSM,1,72756,1
Merge Sort,2000,duplicate-heavy,16,20260930,5991393832456643405,LSM,2,75171,1
Library Sort,2000,duplicate-heavy,17,20260930,7267465960371011787,LMS,0,2916197,1
Merge Sort,2000,duplicate-heavy,17,20260930,7267465960371011787,LMS,1,75250,1
Shell Sort,2000,duplicate-heavy,17,20260930,7267465960371011787,LMS,2,76443,1
Shell Sort,2000,duplicate-heavy,18,20260930,1035134094541892366,SML,0,74068,1
Merge Sort,2000,duplicate-heavy,18,20260930,1035134094541892366,SML,1,75470,1
Library Sort,2000,duplicate-heavy,18,20260930,1035134094541892366,SML,2,3054295,1
Shell Sort,2000,duplicate-heavy,19,20260930,9740689969811455371,SLM,0,72805,1
Library Sort,2000,duplicate-heavy,19,20260930,9740689969811455371,SLM,1,3139113,1
Merge Sort,2000,duplicate-heavy,19,20260930,9740689969811455371,SLM,2,75682,1
Merge Sort,2000,duplicate-heavy,20,20260930,6806611048606724930,MSL,0,75531,1
Shell Sort,2000,duplicate-heavy,20,20260930,6806611048606724930,MSL,1,76532,1
Library Sort,2000,duplicate-heavy,20,20260930,6806611048606724930,MSL,2,3043654,1
Merge Sort,2000,duplicate-heavy,21,20260930,8857587961965573602,MLS,0,77264,1
Library Sort,2000,duplicate-heavy,21,20260930,8857587961965573602,MLS,1,3025591,1
Shell Sort,2000,duplicate-heavy,21,20260930,8857587961965573602,MLS,2,73237,1
Library Sort,2000,duplicate-heavy,22,20260930,9272250558305841014,LSM,0,3018097,1
Shell Sort,2000,duplicate-heavy,22,20260930,9272250558305841014,LSM,1,72585,1
Merge Sort,2000,duplicate-heavy,22,20260930,9272250558305841014,LSM,2,85660,1
Library Sort,2000,duplicate-heavy,23,20260930,5900189381599811725,LMS,0,2965259,1
Merge Sort,2000,duplicate-heavy,23,20260930,5900189381599811725,LMS,1,76183,1
Shell Sort,2000,duplicate-heavy,23,20260930,5900189381599811725,LMS,2,74048,1
Shell Sort,2000,duplicate-heavy,24,20260930,6554839830158919698,SML,0,73257,1
Merge Sort,2000,duplicate-heavy,24,20260930,6554839830158919698,SML,1,76092,1
Library Sort,2000,duplicate-heavy,24,20260930,6554839830158919698,SML,2,2994373,1
Shell Sort,2000,duplicate-heavy,25,20260930,15081955156909827816,SLM,0,74850,1
Library Sort,2000,duplicate-heavy,25,20260930,15081955156909827816,SLM,1,2967112,1
Merge Sort,2000,duplicate-heavy,25,20260930,15081955156909827816,SLM,2,76472,1
Merge Sort,2000,duplicate-heavy,26,20260930,12891286477452204993,MSL,0,86060,1
Shell Sort,2000,duplicate-heavy,26,20260930,12891286477452204993,MSL,1,76613,1
Library Sort,2000,duplicate-heavy,26,20260930,12891286477452204993,MSL,2,3250301,1
Merge Sort,2000,duplicate-heavy,27,20260930,4428042613929355038,MLS,0,76123,1
Library Sort,2000,duplicate-heavy,27,20260930,4428042613929355038,MLS,1,3054645,1
Shell Sort,2000,duplicate-heavy,27,20260930,4428042613929355038,MLS,2,73417,1
Library Sort,2000,duplicate-heavy,28,20260930,4368168939663763750,LSM,0,3049055,1
Shell Sort,2000,duplicate-heavy,28,20260930,4368168939663763750,LSM,1,74359,1
Merge Sort,2000,duplicate-heavy,28,20260930,4368168939663763750,LSM,2,101349,1
Library Sort,2000,duplicate-heavy,29,20260930,7240194330877415694,LMS,0,3155414,1
Merge Sort,2000,duplicate-heavy,29,20260930,7240194330877415694,LMS,1,76633,1
Shell Sort,2000,duplicate-heavy,29,20260930,7240194330877415694,LMS,2,75201,1
Shell Sort,5000,random,0,20260930,11876310279690454910,SML,0,369931,1
Merge Sort,5000,random,0,20260930,11876310279690454910,SML,1,279792,1
Library Sort,5000,random,0,20260930,11876310279690454910,SML,2,22669921,1
Shell Sort,5000,random,1,20260930,12661593538043065645,SLM,0,365763,1
Library Sort,5000,random,1,20260930,12661593538043065645,SLM,1,28651974,1
Merge Sort,5000,random,1,20260930,12661593538043065645,SLM,2,313956,1
Merge Sort,5000,random,2,20260930,1405040189354895186,MSL,0,283369,1
Shell Sort,5000,random,2,20260930,1405040189354895186,MSL,1,374620,1
Library Sort,5000,random,2,20260930,1405040189354895186,MSL,2,25900915,1
Merge Sort,5000,random,3,20260930,7495205510416421829,MLS,0,282608,1
Library Sort,5000,random,3,20260930,7495205510416421829,MLS,1,26767294,1
Shell Sort,5000,random,3,20260930,7495205510416421829,MLS,2,341949,1
Library Sort,5000,random,4,20260930,9399640198041837688,LSM,0,34062068,1
Shell Sort,5000,random,4,20260930,9399640198041837688,LSM,1,409014,1
Merge Sort,5000,random,4,20260930,9399640198041837688,LSM,2,373607,1
Library Sort,5000,random,5,20260930,12198417297005992226,LMS,0,45443646,1
Merge Sort,5000,random,5,20260930,12198417297005992226,LMS,1,371414,1
Shell Sort,5000,random,5,20260930,12198417297005992226,LMS,2,428019,1
Shell Sort,5000,random,6,20260930,12883048747369817972,SML,0,441986,1
Merge Sort,5000,random,6,20260930,12883048747369817972,SML,1,370132,1
Library Sort,5000,random,6,20260930,12883048747369817972,SML,2,36376230,1
Shell Sort,5000,random,7,20260930,4038124144861997005,SLM,0,342409,1
Library Sort,5000,random,7,20260930,4038124144861997005,SLM,1,23798209,1
Merge Sort,5000,random,7,20260930,4038124144861997005,SLM,2,282308,1
Merge Sort,5000,random,8,20260930,4877423734329586070,MSL,0,303687,1
Shell Sort,5000,random,8,20260930,4877423734329586070,MSL,1,339173,1
Library Sort,5000,random,8,20260930,4877423734329586070,MSL,2,54431584,1
Merge Sort,5000,random,9,20260930,17756958330272957053,MLS,0,379900,1
Library Sort,5000,random,9,20260930,17756958330272957053,MLS,1,44774354,1
Shell Sort,5000,random,9,20260930,17756958330272957053,MLS,2,381793,1
Library Sort,5000,random,10,20260930,18126476071044201827,LSM,0,27278869,1
Shell Sort,5000,random,10,20260930,18126476071044201827,LSM,1,460439,1
Merge Sort,5000,random,10,20260930,18126476071044201827,LSM,2,390740,1
Library Sort,5000,random,11,20260930,252114989903556899,LMS,0,25001996,1
Merge Sort,5000,random,11,20260930,252114989903556899,LMS,1,283259,1
Shell Sort,5000,random,11,20260930,252114989903556899,LMS,2,345044,1
Shell Sort,5000,random,12,20260930,6345122003525909990,SML,0,379358,1
Merge Sort,5000,random,12,20260930,6345122003525909990,SML,1,287247,1
Library Sort,5000,random,12,20260930,6345122003525909990,SML,2,27198179,1
Shell Sort,5000,random,13,20260930,14792164200572528994,SLM,0,387725,1
Library Sort,5000,random,13,20260930,14792164200572528994,SLM,1,24184550,1
Merge Sort,5000,random,13,20260930,14792164200572528994,SLM,2,283810,1
Merge Sort,5000,random,14,20260930,9035908402023622109,MSL,0,293158,1
Shell Sort,5000,random,14,20260930,9035908402023622109,MSL,1,339864,1
Library Sort,5000,random,14,20260930,9035908402023622109,MSL,2,23455007,1
Merge Sort,5000,random,15,20260930,16765595012150066579,MLS,0,281907,1
Library Sort,5000,random,15,20260930,16765595012150066579,MLS,1,23694995,1
Shell Sort,5000,random,15,20260930,16765595012150066579,MLS,2,342770,1
Library Sort,5000,random,16,20260930,4619211465521601280,LSM,0,23244754,1
Shell Sort,5000,random,16,20260930,4619211465521601280,LSM,1,342840,1
Merge Sort,5000,random,16,20260930,4619211465521601280,LSM,2,314627,1
Library Sort,5000,random,17,20260930,16820471287628567586,LMS,0,23467992,1
Merge Sort,5000,random,17,20260930,16820471287628567586,LMS,1,305811,1
Shell Sort,5000,random,17,20260930,16820471287628567586,LMS,2,380381,1
Shell Sort,5000,random,18,20260930,9622469047592621125,SML,0,343983,1
Merge Sort,5000,random,18,20260930,9622469047592621125,SML,1,279642,1
Library Sort,5000,random,18,20260930,9622469047592621125,SML,2,33664316,1
Shell Sort,5000,random,19,20260930,9085397466833857647,SLM,0,461763,1
Library Sort,5000,random,19,20260930,9085397466833857647,SLM,1,49836200,1
Merge Sort,5000,random,19,20260930,9085397466833857647,SLM,2,337049,1
Merge Sort,5000,random,20,20260930,13547357071955707979,MSL,0,348420,1
Shell Sort,5000,random,20,20260930,13547357071955707979,MSL,1,402652,1
Library Sort,5000,random,20,20260930,13547357071955707979,MSL,2,30520566,1
Merge Sort,5000,random,21,20260930,1335250770538440910,MLS,0,291595,1
Library Sort,5000,random,21,20260930,1335250770538440910,MLS,1,24875080,1
Shell Sort,5000,random,21,20260930,1335250770538440910,MLS,2,340525,1
Library Sort,5000,random,22,20260930,320746976528668315,LSM,0,23892985,1
Shell Sort,5000,random,22,20260930,320746976528668315,LSM,1,371424,1
Merge Sort,5000,random,22,20260930,320746976528668315,LSM,2,281225,1
Library Sort,5000,random,23,20260930,6973550297179791602,LMS,0,26773555,1
Merge Sort,5000,random,23,20260930,6973550297179791602,LMS,1,282789,1
Shell Sort,5000,random,23,20260930,6973550297179791602,LMS,2,350585,1
Shell Sort,5000,random,24,20260930,16661853394486877256,SML,0,446043,1
Merge Sort,5000,random,24,20260930,16661853394486877256,SML,1,364902,1
Library Sort,5000,random,24,20260930,16661853394486877256,SML,2,31850026,1
Shell Sort,5000,random,25,20260930,8496080885057936981,SLM,0,460320,1
Library Sort,5000,random,25,20260930,8496080885057936981,SLM,1,24292041,1
Merge Sort,5000,random,25,20260930,8496080885057936981,SLM,2,282026,1
Merge Sort,5000,random,26,20260930,5022786570981719210,MSL,0,282628,1
Shell Sort,5000,random,26,20260930,5022786570981719210,MSL,1,339784,1
Library Sort,5000,random,26,20260930,5022786570981719210,MSL,2,23116164,1
Merge Sort,5000,random,27,20260930,18370087798504191759,MLS,0,281296,1
Library Sort,5000,random,27,20260930,18370087798504191759,MLS,1,47474526,1
Shell Sort,5000,random,27,20260930,18370087798504191759,MLS,2,416348,1
Library Sort,5000,random,28,20260930,16003328960679507181,LSM,0,29255711,1
Shell Sort,5000,random,28,20260930,16003328960679507181,LSM,1,339784,1
Merge Sort,5000,random,28,20260930,16003328960679507181,LSM,2,292476,1
Library Sort,5000,random,29,20260930,1211413294132111001,LMS,0,24990006,1
Merge Sort,5000,random,29,20260930,1211413294132111001,LMS,1,413122,1
Shell Sort,5000,random,29,20260930,1211413294132111001,LMS,2,372876,1
Shell Sort,5000,sorted,0,20260930,11942772381425118448,SML,0,51266,1
Merge Sort,5000,sorted,0,20260930,11942772381425118448,SML,1,82854,1
Library Sort,5000,sorted,0,20260930,11942772381425118448,SML,2,42062310,1
Shell Sort,5000,sorted,1,20260930,14754097549062605967,SLM,0,51075,1
Library Sort,5000,sorted,1,20260930,14754097549062605967,SLM,1,42485701,1
Merge Sort,5000,sorted,1,20260930,14754097549062605967,SLM,2,83647,1
Merge Sort,5000,sorted,2,20260930,5840975937703240841,MSL,0,89197,1
Shell Sort,5000,sorted,2,20260930,5840975937703240841,MSL,1,51085,1
Library Sort,5000,sorted,2,20260930,5840975937703240841,MSL,2,62807045,1
Merge Sort,5000,sorted,3,20260930,13960546994082808894,MLS,0,88826,1
Library Sort,5000,sorted,3,20260930,13960546994082808894,MLS,1,43213741,1
Shell Sort,5000,sorted,3,20260930,13960546994082808894,MLS,2,51346,1
Library Sort,5000,sorted,4,20260930,16695727055349969570,LSM,0,42444625,1
Shell Sort,5000,sorted,4,20260930,16695727055349969570,LSM,1,51446,1
Merge Sort,5000,sorted,4,20260930,16695727055349969570,LSM,2,90408,1
Library Sort,5000,sorted,5,20260930,17459783404293033931,LMS,0,42365757,1
Merge Sort,5000,sorted,5,20260930,17459783404293033931,LMS,1,83647,1
Shell Sort,5000,sorted,5,20260930,17459783404293033931,LMS,2,51156,1
Shell Sort,5000,sorted,6,20260930,3431124670855106900,SML,0,51005,1
Merge Sort,5000,sorted,6,20260930,3431124670855106900,SML,1,84438,1
Library Sort,5000,sorted,6,20260930,3431124670855106900,SML,2,43044685,1
Shell Sort,5000,sorted,7,20260930,5207636977695850455,SLM,0,51076,1
Library Sort,5000,sorted,7,20260930,5207636977695850455,SLM,1,54000707,1
Merge Sort,5000,sorted,7,20260930,5207636977695850455,SLM,2,113061,1
Merge Sort,5000,sorted,8,20260930,16083725878794260244,MSL,0,81903,1
Shell Sort,5000,sorted,8,20260930,16083725878794260244,MSL,1,51105,1
Library Sort,5000,sorted,8,20260930,16083725878794260244,MSL,2,43604922,1
Merge Sort,5000,sorted,9,20260930,9377956053150376072,MLS,0,88475,1
Library Sort,5000,sorted,9,20260930,9377956053150376072,MLS,1,49148055,1
Shell Sort,5000,sorted,9,20260930,9377956053150376072,MLS,2,51306,1
Library Sort,5000,sorted,10,20260930,10827350485675273911,LSM,0,45383082,1
Shell Sort,5000,sorted,10,20260930,10827350485675273911,LSM,1,51356,1
Merge Sort,5000,sorted,10,20260930,10827350485675273911,LSM,2,95428,1
Library Sort,5000,sorted,11,20260930,7255254833187251438,LMS,0,41933991,1
Merge Sort,5000,sorted,11,20260930,7255254833187251438,LMS,1,128420,1
Shell Sort,5000,sorted,11,20260930,7255254833187251438,LMS,2,150993,1
Shell Sort,5000,sorted,12,20260930,17218868180641415406,SML,0,86181,1
Merge Sort,5000,sorted,12,20260930,17218868180641415406,SML,1,82935,1
Library Sort,5000,sorted,12,20260930,17218868180641415406,SML,2,43921182,1
Shell Sort,5000,sorted,13,20260930,17661187075275223654,SLM,0,51105,1
Library Sort,5000,sorted,13,20260930,17661187075275223654,SLM,1,44038201,1
Merge Sort,5000,sorted,13,20260930,17661187075275223654,SLM,2,94537,1
Merge Sort,5000,sorted,14,20260930,8194228416966134554,MSL,0,152715,1
Shell Sort,5000,sorted,14,20260930,8194228416966134554,MSL,1,70642,1
Library Sort,5000,sorted,14,20260930,8194228416966134554,MSL,2,41899045,1
Merge Sort,5000,sorted,15,20260930,7781044284694290038,MLS,0,80630,1
Library Sort,5000,sorted,15,20260930,7781044284694290038,MLS,1,42249670,1
Shell Sort,5000,sorted,15,20260930,7781044284694290038,MLS,2,51587,1
Library Sort,5000,sorted,16,20260930,8284875491483277282,LSM,0,43436086,1
Shell Sort,5000,sorted,16,20260930,8284875491483277282,LSM,1,51706,1
Merge Sort,5000,sorted,16,20260930,8284875491483277282,LSM,2,83486,1
Library Sort,5000,sorted,17,20260930,6246639640875670086,LMS,0,42820116,1
Merge Sort,5000,sorted,17,20260930,6246639640875670086,LMS,1,82244,1
Shell Sort,5000,sorted,17,20260930,6246639640875670086,LMS,2,51166,1
Shell Sort,5000,sorted,18,20260930,8772296642435778450,SML,0,51015,1
Merge Sort,5000,sorted,18,20260930,8772296642435778450,SML,1,81813,1
Library Sort,5000,sorted,18,20260930,8772296642435778450,SML,2,42622787,1
Shell Sort,5000,sorted,19,20260930,13896300953075118258,SLM,0,51086,1
Library Sort,5000,sorted,19,20260930,13896300953075118258,SLM,1,59063506,1
Merge Sort,5000,sorted,19,20260930,13896300953075118258,SLM,2,83957,1
Merge Sort,5000,sorted,20,20260930,2543219014841855990,MSL,0,83566,1
Shell Sort,5000,sorted,20,20260930,2543219014841855990,MSL,1,51115,1
Library Sort,5000,sorted,20,20260930,2543219014841855990,MSL,2,43944503,1
Merge Sort,5000,sorted,21,20260930,12779998881638417108,MLS,0,81602,1
Library Sort,5000,sorted,21,20260930,12779998881638417108,MLS,1,43565280,1
Shell Sort,5000,sorted,21,20260930,12779998881638417108,MLS,2,51315,1
Library Sort,5000,sorted,22,20260930,15838397188661374429,LSM,0,64066207,1
Shell Sort,5000,sorted,22,20260930,15838397188661374429,LSM,1,51386,1
Merge Sort,5000,sorted,22,20260930,15838397188661374429,LSM,2,83797,1
Library Sort,5000,sorted,23,20260930,13713607732377801409,LMS,0,64231654,1
Merge Sort,5000,sorted,23,20260930,13713607732377801409,LMS,1,174837,1
Shell Sort,5000,sorted,23,20260930,13713607732377801409,LMS,2,96490,1
Shell Sort,5000,sorted,24,20260930,12384166866849595171,SML,0,93203,1
Merge Sort,5000,sorted,24,20260930,12384166866849595171,SML,1,174877,1
Library Sort,5000,sorted,24,20260930,12384166866849595171,SML,2,57222616,1
Shell Sort,5000,sorted,25,20260930,18065247747052545814,SLM,0,51105,1
Library Sort,5000,sorted,25,20260930,18065247747052545814,SLM,1,46328811,1
Merge Sort,5000,sorted,25,20260930,18065247747052545814,SLM,2,89176,1
Merge Sort,5000,sorted,26,20260930,5811008172385502512,MSL,0,121758,1
Shell Sort,5000,sorted,26,20260930,5811008172385502512,MSL,1,51236,1
Library Sort,5000,sorted,26,20260930,5811008172385502512,MSL,2,59101194,1
Merge Sort,5000,sorted,27,20260930,2187056079605547473,MLS,0,180467,1
Library Sort,5000,sorted,27,20260930,2187056079605547473,MLS,1,90336563,1
Shell Sort,5000,sorted,27,20260930,2187056079605547473,MLS,2,86371,1
Library Sort,5000,sorted,28,20260930,4813789484675496476,LSM,0,56848234,1
Shell Sort,5000,sorted,28,20260930,4813789484675496476,LSM,1,51335,1
Merge Sort,5000,sorted,28,20260930,4813789484675496476,LSM,2,83687,1
Library Sort,5000,sorted,29,20260930,8972221158205759225,LMS,0,50011236,1
Merge Sort,5000,sorted,29,20260930,8972221158205759225,LMS,1,84107,1
Shell Sort,5000,sorted,29,20260930,8972221158205759225,LMS,2,51215,1
Shell Sort,5000,reverse,0,20260930,2939286646595379672,SML,0,70412,1
Merge Sort,5000,reverse,0,20260930,2939286646595379672,SML,1,68718,1
Library Sort,5000,reverse,0,20260930,2939286646595379672,SML,2,2889968,1
Shell Sort,5000,reverse,1,20260930,6191461844327563482,SLM,0,73858,1
Library Sort,5000,reverse,1,20260930,6191461844327563482,SLM,1,2898514,1
Merge Sort,5000,reverse,1,20260930,6191461844327563482,SLM,2,61555,1
Merge Sort,5000,reverse,2,20260930,4056994660874282759,MSL,0,61986,1
Shell Sort,5000,reverse,2,20260930,4056994660874282759,MSL,1,69570,1
Library Sort,5000,reverse,2,20260930,4056994660874282759,MSL,2,2804869,1
Merge Sort,5000,reverse,3,20260930,7875075054701394744,MLS,0,61675,1
Library Sort,5000,reverse,3,20260930,7875075054701394744,MLS,1,3931452,1
Shell Sort,5000,reverse,3,20260930,7875075054701394744,MLS,2,70031,1
Library Sort,5000,reverse,4,20260930,13848950033584594422,LSM,0,3636292,1
Shell Sort,5000,reverse,4,20260930,13848950033584594422,LSM,1,86521,1
Merge Sort,5000,reverse,4,20260930,13848950033584594422,LSM,2,86702,1
Library Sort,5000,reverse,5,20260930,2029069427020300948,LMS,0,3062249,1
Merge Sort,5000,reverse,5,20260930,2029069427020300948,LMS,1,79308,1
Shell Sort,5000,reverse,5,20260930,2029069427020300948,LMS,2,69530,1
Shell Sort,5000,reverse,6,20260930,18177921672272449803,SML,0,69329,1
Merge Sort,5000,reverse,6,20260930,18177921672272449803,SML,1,63699,1
Library Sort,5000,reverse,6,20260930,18177921672272449803,SML,2,2819066,1
Shell Sort,5000,reverse,7,20260930,12663158292185199346,SLM,0,69720,1
Library Sort,5000,reverse,7,20260930,12663158292185199346,SLM,1,2768130,1
Merge Sort,5000,reverse,7,20260930,12663158292185199346,SLM,2,61134,1
Merge Sort,5000,reverse,8,20260930,267630694831271086,MSL,0,60803,1
Shell Sort,5000,reverse,8,20260930,267630694831271086,MSL,1,73517,1
Library Sort,5000,reverse,8,20260930,267630694831271086,MSL,2,2726021,1
Merge Sort,5000,reverse,9,20260930,2812778068683021827,MLS,0,60604,1
Library Sort,5000,reverse,9,20260930,2812778068683021827,MLS,1,2754404,1
Shell Sort,5000,reverse,9,20260930,2812778068683021827,MLS,2,73648,1
Library Sort,5000,reverse,10,20260930,11861586594387404077,LSM,0,2739547,1
Shell Sort,5000,reverse,10,20260930,11861586594387404077,LSM,1,74389,1
Merge Sort,5000,reverse,10,20260930,11861586594387404077,LSM,2,61655,1
Library Sort,5000,reverse,11,20260930,4053638905073498199,LMS,0,2722786,1
Merge Sort,5000,reverse,11,20260930,4053638905073498199,LMS,1,60634,1
Shell Sort,5000,reverse,11,20260930,4053638905073498199,LMS,2,73347,1
Shell Sort,5000,reverse,12,20260930,15158035393437844189,SML,0,73347,1
Merge Sort,5000,reverse,12,20260930,15158035393437844189,SML,1,60573,1
Library Sort,5000,reverse,12,20260930,15158035393437844189,SML,2,2720641,1
Shell Sort,5000,reverse,13,20260930,13525001880959098965,SLM,0,73507,1
Library Sort,5000,reverse,13,20260930,13525001880959098965,SLM,1,2731462,1
Merge Sort,5000,reverse,13,20260930,13525001880959098965,SLM,2,60623,1
Merge Sort,5000,reverse,14,20260930,4324849362561270151,MSL,0,60543,1
Shell Sort,5000,reverse,14,20260930,4324849362561270151,MSL,1,73698,1
Library Sort,5000,reverse,14,20260930,4324849362561270151,MSL,2,2823313,1
Merge Sort,5000,reverse,15,20260930,17140980536697711729,MLS,0,85690,1
Library Sort,5000,reverse,15,20260930,17140980536697711729,MLS,1,2762930,1
Shell Sort,5000,reverse,15,20260930,17140980536697711729,MLS,2,69680,1
Library Sort,5000,reverse,16,20260930,3488289199297656762,LSM,0,2770595,1
Shell Sort,5000,reverse,16,20260930,3488289199297656762,LSM,1,103694,1
Merge Sort,5000,reverse,16,20260930,3488289199297656762,LSM,2,61174,1
Library Sort,5000,reverse,17,20260930,15718669776956557136,LMS,0,2896530,1
Merge Sort,5000,reverse,17,20260930,15718669776956557136,LMS,1,61115,1
Shell Sort,5000,reverse,17,20260930,15718669776956557136,LMS,2,74048,1
Shell Sort,5000,reverse,18,20260930,15549401220603209681,SML,0,69239,1
Merge Sort,5000,reverse,18,20260930,15549401220603209681,SML,1,60824,1
Library Sort,5000,reverse,18,20260930,15549401220603209681,SML,2,3038675,1
Shell Sort,5000,reverse,19,20260930,8818776228567127093,SLM,0,69660,1
Library Sort,5000,reverse,19,20260930,8818776228567127093,SLM,1,2724068,1
Merge Sort,5000,reverse,19,20260930,8818776228567127093,SLM,2,61054,1
Merge Sort,5000,reverse,20,20260930,15998585918922033658,MSL,0,60834,1
Shell Sort,5000,reverse,20,20260930,15998585918922033658,MSL,1,69290,1
Library Sort,5000,reverse,20,20260930,15998585918922033658,MSL,2,2753333,1
Merge Sort,5000,reverse,21,20260930,15119821680948468123,MLS,0,61625,1
Library Sort,5000,reverse,21,20260930,15119821680948468123,MLS,1,2833292,1
Shell Sort,5000,reverse,21,20260930,15119821680948468123,MLS,2,69420,1
Library Sort,5000,reverse,22,20260930,6411909509886084449,LSM,0,2799759,1
Shell Sort,5000,reverse,22,20260930,6411909509886084449,LSM,1,69530,1
Merge Sort,5000,reverse,22,20260930,6411909509886084449,LSM,2,61715,1
Library Sort,5000,reverse,23,20260930,10154217439316842408,LMS,0,2713858,1
Merge Sort,5000,reverse,23,20260930,10154217439316842408,LMS,1,62316,1
Shell Sort,5000,reverse,23,20260930,10154217439316842408,LMS,2,73718,1
Shell Sort,5000,reverse,24,20260930,8636237120681734284,SML,0,73347,1
Merge Sort,5000,reverse,24,20260930,8636237120681734284,SML,1,60634,1
Library Sort,5000,reverse,24,20260930,8636237120681734284,SML,2,2822501,1
Shell Sort,5000,reverse,25,20260930,3358017158248584151,SLM,0,69650,1
Library Sort,5000,reverse,25,20260930,3358017158248584151,SLM,1,2727925,1
Merge Sort,5000,reverse,25,20260930,3358017158248584151,SLM,2,69930,1
Merge Sort,5000,reverse,26,20260930,17313426327837741140,MSL,0,60603,1
Shell Sort,5000,reverse,26,20260930,17313426327837741140,MSL,1,73367,1
Library Sort,5000,reverse,26,20260930,17313426327837741140,MSL,2,2721072,1
Merge Sort,5000,reverse,27,20260930,13200656129523540118,MLS,0,60754,1
Library Sort,5000,reverse,27,20260930,13200656129523540118,MLS,1,2726342,1
Shell Sort,5000,reverse,27,20260930,13200656129523540118,MLS,2,73377,1
Library Sort,5000,reverse,28,20260930,9395658876066403933,LSM,0,2712697,1
Shell Sort,5000,reverse,28,20260930,9395658876066403933,LSM,1,82564,1
Merge Sort,5000,reverse,28,20260930,9395658876066403933,LSM,2,60804,1
Library Sort,5000,reverse,29,20260930,10089238261388311376,LMS,0,2750247,1
Merge Sort,5000,reverse,29,20260930,10089238261388311376,LMS,1,60794,1
Shell Sort,5000,reverse,29,20260930,10089238261388311376,LMS,2,73417,1
Shell Sort,5000,duplicate-heavy,0,20260930,5999568847857775638,SML,0,220112,1
Merge Sort,5000,duplicate-heavy,0,20260930,5999568847857775638,SML,1,194724,1
Library Sort,5000,duplicate-heavy,0,20260930,5999568847857775638,SML,2,18099985,1
Shell Sort,5000,duplicate-heavy,1,20260930,15755508967052804299,SLM,0,206466,1
Library Sort,5000,duplicate-heavy,1,20260930,15755508967052804299,SLM,1,17603459,1
Merge Sort,5000,duplicate-heavy,1,20260930,15755508967052804299,SLM,2,199943,1
Merge Sort,5000,duplicate-heavy,2,20260930,17241918267081377294,MSL,0,196277,1
Shell Sort,5000,duplicate-heavy,2,20260930,17241918267081377294,MSL,1,216014,1
Library Sort,5000,duplicate-heavy,2,20260930,17241918267081377294,MSL,2,18210330,1
Merge Sort,5000,duplicate-heavy,3,20260930,4128937982891645816,MLS,0,197600,1
Library Sort,5000,duplicate-heavy,3,20260930,4128937982891645816,MLS,1,17643864,1
Shell Sort,5000,duplicate-heavy,3,20260930,4128937982891645816,MLS,2,228567,1
Library Sort,5000,duplicate-heavy,4,20260930,3577448623405502642,LSM,0,19360449,1
Shell Sort,5000,duplicate-heavy,4,20260930,3577448623405502642,LSM,1,200243,1
Merge Sort,5000,duplicate-heavy,4,20260930,3577448623405502642,LSM,2,197449,1
Library Sort,5000,duplicate-heavy,5,20260930,13508469467806121650,LMS,0,18118641,1
Merge Sort,5000,duplicate-heavy,5,20260930,13508469467806121650,LMS,1,199673,1
Shell Sort,5000,duplicate-heavy,5,20260930,13508469467806121650,LMS,2,205694,1
Shell Sort,5000,duplicate-heavy,6,20260930,7088429395050478876,SML,0,211605,1
Merge Sort,5000,duplicate-heavy,6,20260930,7088429395050478876,SML,1,197389,1
Library Sort,5000,duplicate-heavy,6,20260930,7088429395050478876,SML,2,28924673,1
Shell Sort,5000,duplicate-heavy,7,20260930,17980939192511330773,SLM,0,209401,1
Library Sort,5000,duplicate-heavy,7,20260930,17980939192511330773,SLM,1,17623175,1
Merge Sort,5000,duplicate-heavy,7,20260930,17980939192511330773,SLM,2,201777,1
Merge Sort,5000,duplicate-heavy,8,20260930,13184399289252163795,MSL,0,204622,1
Shell Sort,5000,duplicate-heavy,8,20260930,13184399289252163795,MSL,1,209892,1
Library Sort,5000,duplicate-heavy,8,20260930,13184399289252163795,MSL,2,18845969,1
Merge Sort,5000,duplicate-heavy,9,20260930,1382455527966248126,MLS,0,201566,1
Library Sort,5000,duplicate-heavy,9,20260930,1382455527966248126,MLS,1,18017301,1
Shell Sort,5000,duplicate-heavy,9,20260930,1382455527966248126,MLS,2,220382,1
Library Sort,5000,duplicate-heavy,10,20260930,4191632502605045204,LSM,0,20253027,1
Shell Sort,5000,duplicate-heavy,10,20260930,4191632502605045204,LSM,1,210453,1
Merge Sort,5000,duplicate-heavy,10,20260930,4191632502605045204,LSM,2,209331,1
Library Sort,5000,duplicate-heavy,11,20260930,18115841141039175542,LMS,0,35812347,1
Merge Sort,5000,duplicate-heavy,11,20260930,18115841141039175542,LMS,1,303697,1
Shell Sort,5000,duplicate-heavy,11,20260930,18115841141039175542,LMS,2,284521,1
Shell Sort,5000,duplicate-heavy,12,20260930,7079337397487432534,SML,0,285072,1
Merge Sort,5000,duplicate-heavy,12,20260930,7079337397487432534,SML,1,303777,1
Library Sort,5000,duplicate-heavy,12,20260930,7079337397487432534,SML,2,28875611,1
Shell Sort,5000,duplicate-heavy,13,20260930,5085276667640948870,SLM,0,208690,1
Library Sort,5000,duplicate-heavy,13,20260930,5085276667640948870,SLM,1,22248193,1
Merge Sort,5000,duplicate-heavy,13,20260930,5085276667640948870,SLM,2,299198,1
Merge Sort,5000,duplicate-heavy,14,20260930,15089621405467281926,MSL,0,280775,1
Shell Sort,5000,duplicate-heavy,14,20260930,15089621405467281926,MSL,1,348201,1
Library Sort,5000,duplicate-heavy,14,20260930,15089621405467281926,MSL,2,19001590,1
Merge Sort,5000,duplicate-heavy,15,20260930,15941771801649571408,MLS,0,197680,1
Library Sort,5000,duplicate-heavy,15,20260930,15941771801649571408,MLS,1,20570980,1
Shell Sort,5000,duplicate-heavy,15,20260930,15941771801649571408,MLS,2,215142,1
Library Sort,5000,duplicate-heavy,16,20260930,3405393957669021655,LSM,0,17843517,1
Shell Sort,5000,duplicate-heavy,16,20260930,3405393957669021655,LSM,1,201616,1
Merge Sort,5000,duplicate-heavy,16,20260930,3405393957669021655,LSM,2,197589,1
Library Sort,5000,duplicate-heavy,17,20260930,13414424685546454383,LMS,0,18966113,1
Merge Sort,5000,duplicate-heavy,17,20260930,13414424685546454383,LMS,1,198390,1
Shell Sort,5000,duplicate-heavy,17,20260930,13414424685546454383,LMS,2,204602,1
Shell Sort,5000,duplicate-heavy,18,20260930,4221040820010031365,SML,0,204982,1
Merge Sort,5000,duplicate-heavy,18,20260930,4221040820010031365,SML,1,196497,1
Library Sort,5000,duplicate-heavy,18,20260930,4221040820010031365,SML,2,17972978,1
Shell Sort,5000,duplicate-heavy,19,20260930,3154814505212373213,SLM,0,205413,1
Library Sort,5000,duplicate-heavy,19,20260930,3154814505212373213,SLM,1,17368689,1
Merge Sort,5000,duplicate-heavy,19,20260930,3154814505212373213,SLM,2,203019,1
Merge Sort,5000,duplicate-heavy,20,20260930,5709640772144286786,MSL,0,225962,1
Shell Sort,5000,duplicate-heavy,20,20260930,5709640772144286786,MSL,1,235069,1
Library Sort,5000,duplicate-heavy,20,20260930,5709640772144286786,MSL,2,18440271,1
Merge Sort,5000,duplicate-heavy,21,20260930,1451242289528292351,MLS,0,203010,1
Library Sort,5000,duplicate-heavy,21,20260930,1451242289528292351,MLS,1,18395257,1
Shell Sort,5000,duplicate-heavy,21,20260930,1451242289528292351,MLS,2,206966,1
Library Sort,5000,duplicate-heavy,22,20260930,1304274336597295044,LSM,0,19155677,1
Shell Sort,5000,duplicate-heavy,22,20260930,1304274336597295044,LSM,1,214300,1
Merge Sort,5000,duplicate-heavy,22,20260930,1304274336597295044,LSM,2,208300,1
Library Sort,5000,duplicate-heavy,23,20260930,16319143676841442224,LMS,0,19358135,1
Merge Sort,5000,duplicate-heavy,23,20260930,16319143676841442224,LMS,1,197659,1
Shell Sort,5000,duplicate-heavy,23,20260930,16319143676841442224,LMS,2,204522,1
Shell Sort,5000,duplicate-heavy,24,20260930,8198502799710583436,SML,0,203119,1
Merge Sort,5000,duplicate-heavy,24,20260930,8198502799710583436,SML,1,202859,1
Library Sort,5000,duplicate-heavy,24,20260930,8198502799710583436,SML,2,18952908,1
Shell Sort,5000,duplicate-heavy,25,20260930,13903502555846434380,SLM,0,214921,1
Library Sort,5000,duplicate-heavy,25,20260930,13903502555846434380,SLM,1,20227910,1
Merge Sort,5000,duplicate-heavy,25,20260930,13903502555846434380,SLM,2,202348,1
Merge Sort,5000,duplicate-heavy,26,20260930,13801018776861942295,MSL,0,210654,1
Shell Sort,5000,duplicate-heavy,26,20260930,13801018776861942295,MSL,1,207437,1
Library Sort,5000,duplicate-heavy,26,20260930,13801018776861942295,MSL,2,20142861,1
Merge Sort,5000,duplicate-heavy,27,20260930,3367963510359119862,MLS,0,209531,1
Library Sort,5000,duplicate-heavy,27,20260930,3367963510359119862,MLS,1,18683826,1
Shell Sort,5000,duplicate-heavy,27,20260930,3367963510359119862,MLS,2,206155,1
Library Sort,5000,duplicate-heavy,28,20260930,10472465858934287451,LSM,0,18296635,1
Shell Sort,5000,duplicate-heavy,28,20260930,10472465858934287451,LSM,1,211615,1
Merge Sort,5000,duplicate-heavy,28,20260930,10472465858934287451,LSM,2,207037,1
Library Sort,5000,duplicate-heavy,29,20260930,16847258911440909701,LMS,0,17552152,1
Merge Sort,5000,duplicate-heavy,29,20260930,16847258911440909701,LMS,1,210793,1
Shell Sort,5000,duplicate-heavy,29,20260930,16847258911440909701,LMS,2,213589,1
Shell Sort,10000,random,0,20260930,14766519053578494876,SML,0,766061,1
Merge Sort,10000,random,0,20260930,14766519053578494876,SML,1,611803,1
Library Sort,10000,random,0,20260930,14766519053578494876,SML,2,94894053,1
Shell Sort,10000,random,1,20260930,9905648947689135253,SLM,0,772844,1
Library Sort,10000,random,1,20260930,9905648947689135253,SLM,1,101235329,1
Merge Sort,10000,random,1,20260930,9905648947689135253,SLM,2,619267,1
Merge Sort,10000,random,2,20260930,13248392140544355958,MSL,0,626450,1
Shell Sort,10000,random,2,20260930,13248392140544355958,MSL,1,750983,1
Library Sort,10000,random,2,20260930,13248392140544355958,MSL,2,103836627,1
Merge Sort,10000,random,3,20260930,16146739360998655181,MLS,0,806286,1
Library Sort,10000,random,3,20260930,16146739360998655181,MLS,1,97813650,1
Shell Sort,10000,random,3,20260930,16146739360998655181,MLS,2,760039,1
Library Sort,10000,random,4,20260930,2930837809515123899,LSM,0,99691704,1
Shell Sort,10000,random,4,20260930,2930837809515123899,LSM,1,992664,1
Merge Sort,10000,random,4,20260930,2930837809515123899,LSM,2,930698,1
Library Sort,10000,random,5,20260930,4315453183483083657,LMS,0,100971315,1
Merge Sort,10000,random,5,20260930,4315453183483083657,LMS,1,599961,1
Shell Sort,10000,random,5,20260930,4315453183483083657,LMS,2,761292,1
Shell Sort,10000,random,6,20260930,7036143845552862656,SML,0,842504,1
Merge Sort,10000,random,6,20260930,7036143845552862656,SML,1,606052,1
Library Sort,10000,random,6,20260930,7036143845552862656,SML,2,95745575,1
Shell Sort,10000,random,7,20260930,7407543622338422084,SLM,0,796788,1
Library Sort,10000,random,7,20260930,7407543622338422084,SLM,1,104028876,1
Merge Sort,10000,random,7,20260930,7407543622338422084,SLM,2,617945,1
Merge Sort,10000,random,8,20260930,9259042528352018472,MSL,0,617473,1
Shell Sort,10000,random,8,20260930,9259042528352018472,MSL,1,763285,1
Library Sort,10000,random,8,20260930,9259042528352018472,MSL,2,97220761,1
Merge Sort,10000,random,9,20260930,8216130437550071694,MLS,0,649303,1
Library Sort,10000,random,9,20260930,8216130437550071694,MLS,1,98133576,1
Shell Sort,10000,random,9,20260930,8216130437550071694,MLS,2,756182,1
Library Sort,10000,random,10,20260930,15548380178856565239,LSM,0,166252805,1
Shell Sort,10000,random,10,20260930,15548380178856565239,LSM,1,1925657,1
Merge Sort,10000,random,10,20260930,15548380178856565239,LSM,2,862832,1
Library Sort,10000,random,11,20260930,6510793214318360455,LMS,0,143934889,1
Merge Sort,10000,random,11,20260930,6510793214318360455,LMS,1,604870,1
Shell Sort,10000,random,11,20260930,6510793214318360455,LMS,2,769898,1
Shell Sort,10000,random,12,20260930,10101233269632130162,SML,0,846000,1
Merge Sort,10000,random,12,20260930,10101233269632130162,SML,1,634024,1
Library Sort,10000,random,12,20260930,10101233269632130162,SML,2,94441119,1
Shell Sort,10000,random,13,20260930,11294930615128547782,SLM,0,757706,1
Library Sort,10000,random,13,20260930,11294930615128547782,SLM,1,92870094,1
Merge Sort,10000,random,13,20260930,11294930615128547782,SLM,2,614668,1
Merge Sort,10000,random,14,20260930,11940696636880691893,MSL,0,630437,1
Shell Sort,10000,random,14,20260930,11940696636880691893,MSL,1,744741,1
Library Sort,10000,random,14,20260930,11940696636880691893,MSL,2,95281638,1
Merge Sort,10000,random,15,20260930,8647668980351974444,MLS,0,604509,1
Library Sort,10000,random,15,20260930,8647668980351974444,MLS,1,98797684,1
Shell Sort,10000,random,15,20260930,8647668980351974444,MLS,2,969251,1
Library Sort,10000,random,16,20260930,17398892759982648736,LSM,0,94388721,1
Shell Sort,10000,random,16,20260930,17398892759982648736,LSM,1,782651,1
Merge Sort,10000,random,16,20260930,17398892759982648736,LSM,2,622032,1
Library Sort,10000,random,17,20260930,4797466957111217154,LMS,0,94790201,1
Merge Sort,10000,random,17,20260930,4797466957111217154,LMS,1,623875,1
Shell Sort,10000,random,17,20260930,4797466957111217154,LMS,2,761452,1
Shell Sort,10000,random,18,20260930,17992014844460513150,SML,0,853294,1
Merge Sort,10000,random,18,20260930,17992014844460513150,SML,1,605951,1
Library Sort,10000,random,18,20260930,17992014844460513150,SML,2,125439597,1
Shell Sort,10000,random,19,20260930,2678276235661161923,SLM,0,1000859,1
Library Sort,10000,random,19,20260930,2678276235661161923,SLM,1,132681190,1
Merge Sort,10000,random,19,20260930,2678276235661161923,SLM,2,820032,1
Merge Sort,10000,random,20,20260930,10584815783024694951,MSL,0,849176,1
Shell Sort,10000,random,20,20260930,10584815783024694951,MSL,1,1015136,1
Library Sort,10000,random,20,20260930,10584815783024694951,MSL,2,144418244,1
Merge Sort,10000,random,21,20260930,6724756279371978771,MLS,0,608697,1
Library Sort,10000,random,21,20260930,6724756279371978771,MLS,1,96202707,1
Shell Sort,10000,random,21,20260930,6724756279371978771,MLS,2,774526,1
Library Sort,10000,random,22,20260930,6720772845633073825,LSM,0,98586471,1
Shell Sort,10000,random,22,20260930,6720772845633073825,LSM,1,786639,1
Merge Sort,10000,random,22,20260930,6720772845633073825,LSM,2,608818,1
Library Sort,10000,random,23,20260930,9128771350742197026,LMS,0,99945189,1
Merge Sort,10000,random,23,20260930,9128771350742197026,LMS,1,848515,1
Shell Sort,10000,random,23,20260930,9128771350742197026,LMS,2,997433,1
Shell Sort,10000,random,24,20260930,2062697537965594576,SML,0,1015707,1
Merge Sort,10000,random,24,20260930,2062697537965594576,SML,1,833507,1
Library Sort,10000,random,24,20260930,2062697537965594576,SML,2,113889976,1
Shell Sort,10000,random,25,20260930,12590514584447142326,SLM,0,783083,1
Library Sort,10000,random,25,20260930,12590514584447142326,SLM,1,94859159,1
Merge Sort,10000,random,25,20260930,12590514584447142326,SLM,2,628885,1
Merge Sort,10000,random,26,20260930,5524530603605589666,MSL,0,620930,1
Shell Sort,10000,random,26,20260930,5524530603605589666,MSL,1,753257,1
Library Sort,10000,random,26,20260930,5524530603605589666,MSL,2,109690059,1
Merge Sort,10000,random,27,20260930,2882700130665573904,MLS,0,1081600,1
Library Sort,10000,random,27,20260930,2882700130665573904,MLS,1,116070066,1
Shell Sort,10000,random,27,20260930,2882700130665573904,MLS,2,759278,1
Library Sort,10000,random,28,20260930,3962977918403852422,LSM,0,101505631,1
Shell Sort,10000,random,28,20260930,3962977918403852422,LSM,1,815423,1
Merge Sort,10000,random,28,20260930,3962977918403852422,LSM,2,631560,1
Library Sort,10000,random,29,20260930,5053792766472779416,LMS,0,144782865,1
Merge Sort,10000,random,29,20260930,5053792766472779416,LMS,1,850839,1
Shell Sort,10000,random,29,20260930,5053792766472779416,LMS,2,960765,1
Shell Sort,10000,sorted,0,20260930,12595574493881836930,SML,0,266388,1
Merge Sort,10000,sorted,0,20260930,12595574493881836930,SML,1,372636,1
Library Sort,10000,sorted,0,20260930,12595574493881836930,SML,2,216910216,1
Shell Sort,10000,sorted,1,20260930,5067211479466539362,SLM,0,111338,1
Library Sort,10000,sorted,1,20260930,5067211479466539362,SLM,1,172018000,1
Merge Sort,10000,sorted,1,20260930,5067211479466539362,SLM,2,318635,1
Merge Sort,10000,sorted,2,20260930,5398166355981265804,MSL,0,401159,1
Shell Sort,10000,sorted,2,20260930,5398166355981265804,MSL,1,207898,1
Library Sort,10000,sorted,2,20260930,5398166355981265804,MSL,2,171760560,1
Merge Sort,10000,sorted,3,20260930,13748183645861586286,MLS,0,228517,1
Library Sort,10000,sorted,3,20260930,13748183645861586286,MLS,1,174501037,1
Shell Sort,10000,sorted,3,20260930,13748183645861586286,MLS,2,119934,1
Library Sort,10000,sorted,4,20260930,9668880018348066510,LSM,0,170777383,1
Shell Sort,10000,sorted,4,20260930,9668880018348066510,LSM,1,111528,1
Merge Sort,10000,sorted,4,20260930,9668880018348066510,LSM,2,177893,1
Library Sort,10000,sorted,5,20260930,3630287680136459829,LMS,0,178436529,1
Merge Sort,10000,sorted,5,20260930,3630287680136459829,LMS,1,207668,1
Shell Sort,10000,sorted,5,20260930,3630287680136459829,LMS,2,111307,1
Shell Sort,10000,sorted,6,20260930,14353751857741404804,SML,0,112399,1
Merge Sort,10000,sorted,6,20260930,14353751857741404804,SML,1,217846,1
Library Sort,10000,sorted,6,20260930,14353751857741404804,SML,2,169071648,1
Shell Sort,10000,sorted,7,20260930,1410351945265358827,SLM,0,111297,1
Library Sort,10000,sorted,7,20260930,1410351945265358827,SLM,1,171841068,1
Merge Sort,10000,sorted,7,20260930,1410351945265358827,SLM,2,178823,1
Merge Sort,10000,sorted,8,20260930,3160606535871967974,MSL,0,190135,1
Shell Sort,10000,sorted,8,20260930,3160606535871967974,MSL,1,111237,1
Library Sort,10000,sorted,8,20260930,3160606535871967974,MSL,2,169364304,1
Merge Sort,10000,sorted,9,20260930,62157124574533016,MLS,0,203490,1
Library Sort,10000,sorted,9,20260930,62157124574533016,MLS,1,169559008,1
Shell Sort,10000,sorted,9,20260930,62157124574533016,MLS,2,111398,1
Library Sort,10000,sorted,10,20260930,14538074898058012231,LSM,0,169618338,1
Shell Sort,10000,sorted,10,20260930,14538074898058012231,LSM,1,111398,1
Merge Sort,10000,sorted,10,20260930,14538074898058012231,LSM,2,218488,1
Library Sort,10000,sorted,11,20260930,11122090954083101332,LMS,0,221847490,1
Merge Sort,10000,sorted,11,20260930,11122090954083101332,LMS,1,175217,1
Shell Sort,10000,sorted,11,20260930,11122090954083101332,LMS,2,111378,1
Shell Sort,10000,sorted,12,20260930,1918440237176342607,SML,0,111127,1
Merge Sort,10000,sorted,12,20260930,1918440237176342607,SML,1,182702,1
Library Sort,10000,sorted,12,20260930,1918440237176342607,SML,2,171930437,1
Shell Sort,10000,sorted,13,20260930,11899873353144411972,SLM,0,184955,1
Library Sort,10000,sorted,13,20260930,11899873353144411972,SLM,1,178867072,1
Merge Sort,10000,sorted,13,20260930,11899873353144411972,SLM,2,179135,1
Merge Sort,10000,sorted,14,20260930,14637534497748392923,MSL,0,191979,1
Shell Sort,10000,sorted,14,20260930,14637534497748392923,MSL,1,111238,1
Library Sort,10000,sorted,14,20260930,14637534497748392923,MSL,2,169753791,1
Merge Sort,10000,sorted,15,20260930,7776792752229852700,MLS,0,174256,1
Library Sort,10000,sorted,15,20260930,7776792752229852700,MLS,1,204005824,1
Shell Sort,10000,sorted,15,20260930,7776792752229852700,MLS,2,196958,1
Library Sort,10000,sorted,16,20260930,7608472844270838325,LSM,0,256345370,1
Shell Sort,10000,sorted,16,20260930,7608472844270838325,LSM,1,212397,1
Merge Sort,10000,sorted,16,20260930,7608472844270838325,LSM,2,416137,1
Library Sort,10000,sorted,17,20260930,17199416269678032587,LMS,0,186605844,1
Merge Sort,10000,sorted,17,20260930,17199416269678032587,LMS,1,178914,1
Shell Sort,10000,sorted,17,20260930,17199416269678032587,LMS,2,111528,1
Shell Sort,10000,sorted,18,20260930,2199491311264194073,SML,0,111118,1
Merge Sort,10000,sorted,18,20260930,2199491311264194073,SML,1,190566,1
Library Sort,10000,sorted,18,20260930,2199491311264194073,SML,2,172828745,1
Shell Sort,10000,sorted,19,20260930,2885517059429185076,SLM,0,111368,1
Library Sort,10000,sorted,19,20260930,2885517059429185076,SLM,1,175375341,1
Merge Sort,10000,sorted,19,20260930,2885517059429185076,SLM,2,207728,1
Merge Sort,10000,sorted,20,20260930,2530697029366079274,MSL,0,206346,1
Shell Sort,10000,sorted,20,20260930,2530697029366079274,MSL,1,111949,1
Library Sort,10000,sorted,20,20260930,2530697029366079274,MSL,2,234698261,1
Merge Sort,10000,sorted,21,20260930,8500147152333179916,MLS,0,206686,1
Library Sort,10000,sorted,21,20260930,8500147152333179916,MLS,1,285350403,1
Shell Sort,10000,sorted,21,20260930,8500147152333179916,MLS,2,120625,1
Library Sort,10000,sorted,22,20260930,6673060479643202494,LSM,0,214389927,1
Shell Sort,10000,sorted,22,20260930,6673060479643202494,LSM,1,132648,1
Merge Sort,10000,sorted,22,20260930,6673060479643202494,LSM,2,178793,1
Library Sort,10000,sorted,23,20260930,12532131926777988868,LMS,0,178108428,1
Merge Sort,10000,sorted,23,20260930,12532131926777988868,LMS,1,207618,1
Shell Sort,10000,sorted,23,20260930,12532131926777988868,LMS,2,112019,1
Shell Sort,10000,sorted,24,20260930,8470640650742231060,SML,0,112621,1
Merge Sort,10000,sorted,24,20260930,8470640650742231060,SML,1,204021,1
Library Sort,10000,sorted,24,20260930,8470640650742231060,SML,2,171275881,1
Shell Sort,10000,sorted,25,20260930,2560886562599347013,SLM,0,111318,1
Library Sort,10000,sorted,25,20260930,2560886562599347013,SLM,1,169163759,1
Merge Sort,10000,sorted,25,20260930,2560886562599347013,SLM,2,191537,1
Merge Sort,10000,sorted,26,20260930,17720133875437218226,MSL,0,202258,1
Shell Sort,10000,sorted,26,20260930,17720133875437218226,MSL,1,127789,1
Library Sort,10000,sorted,26,20260930,17720133875437218226,MSL,2,224001602,1
Merge Sort,10000,sorted,27,20260930,13558014904582288316,MLS,0,190345,1
Library Sort,10000,sorted,27,20260930,13558014904582288316,MLS,1,172054658,1
Shell Sort,10000,sorted,27,20260930,13558014904582288316,MLS,2,144270,1
Library Sort,10000,sorted,28,20260930,3192044271774287283,LSM,0,208405318,1
Shell Sort,10000,sorted,28,20260930,3192044271774287283,LSM,1,196777,1
Merge Sort,10000,sorted,28,20260930,3192044271774287283,LSM,2,400397,1
Library Sort,10000,sorted,29,20260930,11611048117606636863,LMS,0,191289065,1
Merge Sort,10000,sorted,29,20260930,11611048117606636863,LMS,1,189443,1
Shell Sort,10000,sorted,29,20260930,11611048117606636863,LMS,2,111358,1
Shell Sort,10000,reverse,0,20260930,17959390286489223527,SML,0,162073,1
Merge Sort,10000,reverse,0,20260930,17959390286489223527,SML,1,160980,1
Library Sort,10000,reverse,0,20260930,17959390286489223527,SML,2,12097895,1
Shell Sort,10000,reverse,1,20260930,12274520192012955728,SLM,0,149860,1
Library Sort,10000,reverse,1,20260930,12274520192012955728,SLM,1,11476034,1
Merge Sort,10000,reverse,1,20260930,12274520192012955728,SLM,2,143908,1
Merge Sort,10000,reverse,2,20260930,14685835774367106816,MSL,0,139651,1
Shell Sort,10000,reverse,2,20260930,14685835774367106816,MSL,1,149879,1
Library Sort,10000,reverse,2,20260930,14685835774367106816,MSL,2,11161116,1
Merge Sort,10000,reverse,3,20260930,2207820026465285269,MLS,0,131306,1
Library Sort,10000,reverse,3,20260930,2207820026465285269,MLS,1,10520119,1
Shell Sort,10000,reverse,3,20260930,2207820026465285269,MLS,2,150291,1
Library Sort,10000,reverse,4,20260930,6573881555713263112,LSM,0,10891071,1
Shell Sort,10000,reverse,4,20260930,6573881555713263112,LSM,1,150681,1
Merge Sort,10000,reverse,4,20260930,6573881555713263112,LSM,2,132126,1
Library Sort,10000,reverse,5,20260930,12005527879385486921,LMS,0,10789642,1
Merge Sort,10000,reverse,5,20260930,12005527879385486921,LMS,1,134942,1
Shell Sort,10000,reverse,5,20260930,12005527879385486921,LMS,2,163395,1
Shell Sort,10000,reverse,6,20260930,398295886683178436,SML,0,159899,1
Merge Sort,10000,reverse,6,20260930,398295886683178436,SML,1,145382,1
Library Sort,10000,reverse,6,20260930,398295886683178436,SML,2,11081657,1
Shell Sort,10000,reverse,7,20260930,11769357806623732610,SLM,0,158787,1
Library Sort,10000,reverse,7,20260930,11769357806623732610,SLM,1,11566042,1
Merge Sort,10000,reverse,7,20260930,11769357806623732610,SLM,2,136756,1
Merge Sort,10000,reverse,8,20260930,4698221905142620113,MSL,0,138148,1
Shell Sort,10000,reverse,8,20260930,4698221905142620113,MSL,1,160470,1
Library Sort,10000,reverse,8,20260930,4698221905142620113,MSL,2,10927400,1
Merge Sort,10000,reverse,9,20260930,1945315715423194440,MLS,0,142556,1
Library Sort,10000,reverse,9,20260930,1945315715423194440,MLS,1,11294565,1
Shell Sort,10000,reverse,9,20260930,1945315715423194440,MLS,2,159699,1
Library Sort,10000,reverse,10,20260930,14747672967278139482,LSM,0,10708010,1
Shell Sort,10000,reverse,10,20260930,14747672967278139482,LSM,1,149780,1
Merge Sort,10000,reverse,10,20260930,14747672967278139482,LSM,2,130895,1
Library Sort,10000,reverse,11,20260930,2183580296808755001,LMS,0,12904792,1
Merge Sort,10000,reverse,11,20260930,2183580296808755001,LMS,1,132036,1
Shell Sort,10000,reverse,11,20260930,2183580296808755001,LMS,2,150632,1
Shell Sort,10000,reverse,12,20260930,5809394324613612875,SML,0,149590,1
Merge Sort,10000,reverse,12,20260930,5809394324613612875,SML,1,129262,1
Library Sort,10000,reverse,12,20260930,5809394324613612875,SML,2,10483010,1
Shell Sort,10000,reverse,13,20260930,14778241063967724906,SLM,0,159528,1
Library Sort,10000,reverse,13,20260930,14778241063967724906,SLM,1,11567966,1
Merge Sort,10000,reverse,13,20260930,14778241063967724906,SLM,2,137066,1
Merge Sort,10000,reverse,14,20260930,10705473095246056118,MSL,0,146323,1
Shell Sort,10000,reverse,14,20260930,10705473095246056118,MSL,1,149960,1
Library Sort,10000,reverse,14,20260930,10705473095246056118,MSL,2,11287782,1
Merge Sort,10000,reverse,15,20260930,6974984154529787294,MLS,0,140061,1
Library Sort,10000,reverse,15,20260930,6974984154529787294,MLS,1,10715995,1
Shell Sort,10000,reverse,15,20260930,6974984154529787294,MLS,2,159548,1
Library Sort,10000,reverse,16,20260930,1085975076789129482,LSM,0,11079393,1
Shell Sort,10000,reverse,16,20260930,1085975076789129482,LSM,1,150782,1
Merge Sort,10000,reverse,16,20260930,1085975076789129482,LSM,2,134752,1
Library Sort,10000,reverse,17,20260930,13256604733839460846,LMS,0,11853569,1
Merge Sort,10000,reverse,17,20260930,13256604733839460846,LMS,1,160660,1
Shell Sort,10000,reverse,17,20260930,13256604733839460846,LMS,2,177732,1
Shell Sort,10000,reverse,18,20260930,6264736196025756153,SML,0,162233,1
Merge Sort,10000,reverse,18,20260930,6264736196025756153,SML,1,156492,1
Library Sort,10000,reverse,18,20260930,6264736196025756153,SML,2,12408696,1
Shell Sort,10000,reverse,19,20260930,14062577500988074842,SLM,0,150792,1
Library Sort,10000,reverse,19,20260930,14062577500988074842,SLM,1,11383922,1
Merge Sort,10000,reverse,19,20260930,14062577500988074842,SLM,2,148207,1
Merge Sort,10000,reverse,20,20260930,18121448465187652975,MSL,0,140312,1
Shell Sort,10000,reverse,20,20260930,18121448465187652975,MSL,1,149819,1
Library Sort,10000,reverse,20,20260930,18121448465187652975,MSL,2,11262715,1
Merge Sort,10000,reverse,21,20260930,15453978937100317920,MLS,0,136415,1
Library Sort,10000,reverse,21,20260930,15453978937100317920,MLS,1,11169391,1
Shell Sort,10000,reverse,21,20260930,15453978937100317920,MLS,2,159979,1
Library Sort,10000,reverse,22,20260930,1382572860917192295,LSM,0,15429057,1
Shell Sort,10000,reverse,22,20260930,1382572860917192295,LSM,1,150781,1
Merge Sort,10000,reverse,22,20260930,1382572860917192295,LSM,2,130364,1
Library Sort,10000,reverse,23,20260930,16508791006067519028,LMS,0,10558320,1
Merge Sort,10000,reverse,23,20260930,16508791006067519028,LMS,1,179486,1
Shell Sort,10000,reverse,23,20260930,16508791006067519028,LMS,2,150411,1
Shell Sort,10000,reverse,24,20260930,1256187915934891023,SML,0,158906,1
Merge Sort,10000,reverse,24,20260930,1256187915934891023,SML,1,135433,1
Library Sort,10000,reverse,24,20260930,1256187915934891023,SML,2,11132162,1
Shell Sort,10000,reverse,25,20260930,5158157905924983197,SLM,0,152294,1
Library Sort,10000,reverse,25,20260930,5158157905924983197,SLM,1,11247557,1
Merge Sort,10000,reverse,25,20260930,5158157905924983197,SLM,2,136825,1
Merge Sort,10000,reverse,26,20260930,15270457424545001041,MSL,0,251660,1
Shell Sort,10000,reverse,26,20260930,15270457424545001041,MSL,1,309378,1
Library Sort,10000,reverse,26,20260930,15270457424545001041,MSL,2,19885050,1
Merge Sort,10000,reverse,27,20260930,2949536451795308348,MLS,0,167964,1
Library Sort,10000,reverse,27,20260930,2949536451795308348,MLS,1,12417994,1
Shell Sort,10000,reverse,27,20260930,2949536451795308348,MLS,2,155460,1
Library Sort,10000,reverse,28,20260930,9373649722751309184,LSM,0,13636269,1
Shell Sort,10000,reverse,28,20260930,9373649722751309184,LSM,1,150472,1
Merge Sort,10000,reverse,28,20260930,9373649722751309184,LSM,2,136545,1
Library Sort,10000,reverse,29,20260930,2620421013016419101,LMS,0,10856357,1
Merge Sort,10000,reverse,29,20260930,2620421013016419101,LMS,1,136395,1
Shell Sort,10000,reverse,29,20260930,2620421013016419101,LMS,2,150070,1
Shell Sort,10000,duplicate-heavy,0,20260930,1388932849912867598,SML,0,473204,1
Merge Sort,10000,duplicate-heavy,0,20260930,1388932849912867598,SML,1,412090,1
Library Sort,10000,duplicate-heavy,0,20260930,1388932849912867598,SML,2,82531135,1
Shell Sort,10000,duplicate-heavy,1,20260930,12910657166618455149,SLM,0,620579,1
Library Sort,10000,duplicate-heavy,1,20260930,12910657166618455149,SLM,1,109753648,1
Merge Sort,10000,duplicate-heavy,1,20260930,12910657166618455149,SLM,2,659361,1
Merge Sort,10000,duplicate-heavy,2,20260930,14409640569871936390,MSL,0,562691,1
Shell Sort,10000,duplicate-heavy,2,20260930,14409640569871936390,MSL,1,486659,1
Library Sort,10000,duplicate-heavy,2,20260930,14409640569871936390,MSL,2,73436518,1
Merge Sort,10000,duplicate-heavy,3,20260930,10410943246738197182,MLS,0,584692,1
Library Sort,10000,duplicate-heavy,3,20260930,10410943246738197182,MLS,1,78149610,1
Shell Sort,10000,duplicate-heavy,3,20260930,10410943246738197182,MLS,2,428140,1
Library Sort,10000,duplicate-heavy,4,20260930,5044347101611309968,LSM,0,74215664,1
Shell Sort,10000,duplicate-heavy,4,20260930,5044347101611309968,LSM,1,449219,1
Merge Sort,10000,duplicate-heavy,4,20260930,5044347101611309968,LSM,2,415536,1
Library Sort,10000,duplicate-heavy,5,20260930,4475121323448133375,LMS,0,72281030,1
Merge Sort,10000,duplicate-heavy,5,20260930,4475121323448133375,LMS,1,414985,1
Shell Sort,10000,duplicate-heavy,5,20260930,4475121323448133375,LMS,2,454669,1
Shell Sort,10000,duplicate-heavy,6,20260930,7243036003652514859,SML,0,426306,1
Merge Sort,10000,duplicate-heavy,6,20260930,7243036003652514859,SML,1,422850,1
Library Sort,10000,duplicate-heavy,6,20260930,7243036003652514859,SML,2,73851451,1
Shell Sort,10000,duplicate-heavy,7,20260930,10912088561151908426,SLM,0,435253,1
Library Sort,10000,duplicate-heavy,7,20260930,10912088561151908426,SLM,1,77106884,1
Merge Sort,10000,duplicate-heavy,7,20260930,10912088561151908426,SLM,2,409084,1
Merge Sort,10000,duplicate-heavy,8,20260930,4044459816816292911,MSL,0,418131,1
Shell Sort,10000,duplicate-heavy,8,20260930,4044459816816292911,MSL,1,437177,1
Library Sort,10000,duplicate-heavy,8,20260930,4044459816816292911,MSL,2,71254232,1
Merge Sort,10000,duplicate-heavy,9,20260930,11659250367715568409,MLS,0,422389,1
Library Sort,10000,duplicate-heavy,9,20260930,11659250367715568409,MLS,1,72136801,1
Shell Sort,10000,duplicate-heavy,9,20260930,11659250367715568409,MLS,2,429703,1
Library Sort,10000,duplicate-heavy,10,20260930,7568221523462995427,LSM,0,71901521,1
Shell Sort,10000,duplicate-heavy,10,20260930,7568221523462995427,LSM,1,425635,1
Merge Sort,10000,duplicate-heavy,10,20260930,7568221523462995427,LSM,2,430584,1
Library Sort,10000,duplicate-heavy,11,20260930,16932400847531067494,LMS,0,73740048,1
Merge Sort,10000,duplicate-heavy,11,20260930,16932400847531067494,LMS,1,426546,1
Shell Sort,10000,duplicate-heavy,11,20260930,16932400847531067494,LMS,2,453827,1
Shell Sort,10000,duplicate-heavy,12,20260930,6280319615223690977,SML,0,452405,1
Merge Sort,10000,duplicate-heavy,12,20260930,6280319615223690977,SML,1,495516,1
Library Sort,10000,duplicate-heavy,12,20260930,6280319615223690977,SML,2,81546613,1
Shell Sort,10000,duplicate-heavy,13,20260930,12420311645600082475,SLM,0,447485,1
Library Sort,10000,duplicate-heavy,13,20260930,12420311645600082475,SLM,1,75504280,1
Merge Sort,10000,duplicate-heavy,13,20260930,12420311645600082475,SLM,2,423771,1
Merge Sort,10000,duplicate-heavy,14,20260930,17702337990546231056,MSL,0,414825,1
Shell Sort,10000,duplicate-heavy,14,20260930,17702337990546231056,MSL,1,440282,1
Library Sort,10000,duplicate-heavy,14,20260930,17702337990546231056,MSL,2,76304297,1
Merge Sort,10000,duplicate-heavy,15,20260930,1233816465628529928,MLS,0,438709,1
Library Sort,10000,duplicate-heavy,15,20260930,1233816465628529928,MLS,1,76780925,1
Shell Sort,10000,duplicate-heavy,15,20260930,1233816465628529928,MLS,2,502248,1
Library Sort,10000,duplicate-heavy,16,20260930,7094647360252902665,LSM,0,73659975,1
Shell Sort,10000,duplicate-heavy,16,20260930,7094647360252902665,LSM,1,432138,1
Merge Sort,10000,duplicate-heavy,16,20260930,7094647360252902665,LSM,2,414053,1
Library Sort,10000,duplicate-heavy,17,20260930,11677851985145476698,LMS,0,72151839,1
Merge Sort,10000,duplicate-heavy,17,20260930,11677851985145476698,LMS,1,416077,1
Shell Sort,10000,duplicate-heavy,17,20260930,11677851985145476698,LMS,2,467122,1
Shell Sort,10000,duplicate-heavy,18,20260930,8067560699635011974,SML,0,452716,1
Merge Sort,10000,duplicate-heavy,18,20260930,8067560699635011974,SML,1,450561,1
Library Sort,10000,duplicate-heavy,18,20260930,8067560699635011974,SML,2,73009922,1
Shell Sort,10000,duplicate-heavy,19,20260930,261375381499586415,SLM,0,437226,1
Library Sort,10000,duplicate-heavy,19,20260930,261375381499586415,SLM,1,71898225,1
Merge Sort,10000,duplicate-heavy,19,20260930,261375381499586415,SLM,2,407030,1
Merge Sort,10000,duplicate-heavy,20,20260930,11219053533213787872,MSL,0,406359,1
Shell Sort,10000,duplicate-heavy,20,20260930,11219053533213787872,MSL,1,426436,1
Library Sort,10000,duplicate-heavy,20,20260930,11219053533213787872,MSL,2,69263995,1
Merge Sort,10000,duplicate-heavy,21,20260930,16750875104658722850,MLS,0,442266,1
Library Sort,10000,duplicate-heavy,21,20260930,16750875104658722850,MLS,1,101601582,1
Shell Sort,10000,duplicate-heavy,21,20260930,16750875104658722850,MLS,2,610941,1
Library Sort,10000,duplicate-heavy,22,20260930,694289289319251806,LSM,0,118277698,1
Shell Sort,10000,duplicate-heavy,22,20260930,694289289319251806,LSM,1,448477,1
Merge Sort,10000,duplicate-heavy,22,20260930,694289289319251806,LSM,2,429402,1
Library Sort,10000,duplicate-heavy,23,20260930,3832953000775925484,LMS,0,73286979,1
Merge Sort,10000,duplicate-heavy,23,20260930,3832953000775925484,LMS,1,424994,1
Shell Sort,10000,duplicate-heavy,23,20260930,3832953000775925484,LMS,2,439301,1
Shell Sort,10000,duplicate-heavy,24,20260930,12508392740150034603,SML,0,443809,1
Merge Sort,10000,duplicate-heavy,24,20260930,12508392740150034603,SML,1,438689,1
Library Sort,10000,duplicate-heavy,24,20260930,12508392740150034603,SML,2,79747415,1
Shell Sort,10000,duplicate-heavy,25,20260930,7717968588304826679,SLM,0,443428,1
Library Sort,10000,duplicate-heavy,25,20260930,7717968588304826679,SLM,1,72954007,1
Merge Sort,10000,duplicate-heavy,25,20260930,7717968588304826679,SLM,2,429903,1
Merge Sort,10000,duplicate-heavy,26,20260930,12406668575784464959,MSL,0,431145,1
Shell Sort,10000,duplicate-heavy,26,20260930,12406668575784464959,MSL,1,443067,1
Library Sort,10000,duplicate-heavy,26,20260930,12406668575784464959,MSL,2,81398970,1
Merge Sort,10000,duplicate-heavy,27,20260930,11833658979719242061,MLS,0,670813,1
Library Sort,10000,duplicate-heavy,27,20260930,11833658979719242061,MLS,1,111630101,1
Shell Sort,10000,duplicate-heavy,27,20260930,11833658979719242061,MLS,2,485798,1
Library Sort,10000,duplicate-heavy,28,20260930,6876265671430323947,LSM,0,76880020,1
Shell Sort,10000,duplicate-heavy,28,20260930,6876265671430323947,LSM,1,1861928,1
Merge Sort,10000,duplicate-heavy,28,20260930,6876265671430323947,LSM,2,528928,1
Library Sort,10000,duplicate-heavy,29,20260930,9790767605286017990,LMS,0,70255176,1
Merge Sort,10000,duplicate-heavy,29,20260930,9790767605286017990,LMS,1,408964,1
Shell Sort,10000,duplicate-heavy,29,20260930,9790767605286017990,LMS,2,421327,1
Shell Sort,20000,random,0,20260930,2427361776095102714,SML,0,1697972,1
Merge Sort,20000,random,0,20260930,2427361776095102714,SML,1,1318352,1
Library Sort,20000,random,0,20260930,2427361776095102714,SML,2,489139372,1
Shell Sort,20000,random,1,20260930,16821337751582667113,SLM,0,2175633,1
Library Sort,20000,random,1,20260930,16821337751582667113,SLM,1,464686280,1
Merge Sort,20000,random,1,20260930,16821337751582667113,SLM,2,1786897,1
Merge Sort,20000,random,2,20260930,2723517343400139750,MSL,0,1772270,1
Shell Sort,20000,random,2,20260930,2723517343400139750,MSL,1,2143483,1
Library Sort,20000,random,2,20260930,2723517343400139750,MSL,2,432468900,1
Merge Sort,20000,random,3,20260930,6980390696587538699,MLS,0,1402149,1
Library Sort,20000,random,3,20260930,6980390696587538699,MLS,1,441524461,1
Shell Sort,20000,random,3,20260930,6980390696587538699,MLS,2,3936422,1
Library Sort,20000,random,4,20260930,8415570417546059299,LSM,0,482019583,1
Shell Sort,20000,random,4,20260930,8415570417546059299,LSM,1,1690658,1
Merge Sort,20000,random,4,20260930,8415570417546059299,LSM,2,1314976,1
Library Sort,20000,random,5,20260930,265237846316838508,LMS,0,429591692,1
Merge Sort,20000,random,5,20260930,265237846316838508,LMS,1,1342387,1
Shell Sort,20000,random,5,20260930,265237846316838508,LMS,2,1666413,1
Shell Sort,20000,random,6,20260930,12170030654166557976,SML,0,1870394,1
Merge Sort,20000,random,6,20260930,12170030654166557976,SML,1,1338831,1
Library Sort,20000,random,6,20260930,12170030654166557976,SML,2,419912656,1
Shell Sort,20000,random,7,20260930,6536369520775226205,SLM,0,1681911,1
Library Sort,20000,random,7,20260930,6536369520775226205,SLM,1,418952212,1
Merge Sort,20000,random,7,20260930,6536369520775226205,SLM,2,1318823,1
Merge Sort,20000,random,8,20260930,12908249851125050346,MSL,0,1362976,1
Shell Sort,20000,random,8,20260930,12908249851125050346,MSL,1,1666423,1
Library Sort,20000,random,8,20260930,12908249851125050346,MSL,2,457597373,1
Merge Sort,20000,random,9,20260930,12844271815551532096,MLS,0,1348569,1
Library Sort,20000,random,9,20260930,12844271815551532096,MLS,1,431967478,1
Shell Sort,20000,random,9,20260930,12844271815551532096,MLS,2,1667123,1
Library Sort,20000,random,10,20260930,7893742729468399293,LSM,0,418850024,1
Shell Sort,20000,random,10,20260930,7893742729468399293,LSM,1,1643540,1
Merge Sort,20000,random,10,20260930,7893742729468399293,LSM,2,1342547,1
Library Sort,20000,random,11,20260930,2756997548223871963,LMS,0,404326255,1
Merge Sort,20000,random,11,20260930,2756997548223871963,LMS,1,1343750,1
Shell Sort,20000,random,11,20260930,2756997548223871963,LMS,2,1665600,1
Shell Sort,20000,random,12,20260930,14263447337594864260,SML,0,1756169,1
Merge Sort,20000,random,12,20260930,14263447337594864260,SML,1,1312281,1
Library Sort,20000,random,12,20260930,14263447337594864260,SML,2,510285725,1
Shell Sort,20000,random,13,20260930,8948180449044292970,SLM,0,1657556,1
Library Sort,20000,random,13,20260930,8948180449044292970,SLM,1,467160892,1
Merge Sort,20000,random,13,20260930,8948180449044292970,SLM,2,1313323,1
Merge Sort,20000,random,14,20260930,987616605320253257,MSL,0,1329182,1
Shell Sort,20000,random,14,20260930,987616605320253257,MSL,1,1672304,1
Library Sort,20000,random,14,20260930,987616605320253257,MSL,2,407941287,1
Merge Sort,20000,random,15,20260930,6976682654227950805,MLS,0,1323822,1
Library Sort,20000,random,15,20260930,6976682654227950805,MLS,1,418197292,1
Shell Sort,20000,random,15,20260930,6976682654227950805,MLS,2,1679637,1
Library Sort,20000,random,16,20260930,8273040734351588446,LSM,0,444079595,1
Shell Sort,20000,random,16,20260930,8273040734351588446,LSM,1,1643630,1
Merge Sort,20000,random,16,20260930,8273040734351588446,LSM,2,1319505,1
Library Sort,20000,random,17,20260930,7061883718422281569,LMS,0,535484962,1
Merge Sort,20000,random,17,20260930,7061883718422281569,LMS,1,1304336,1
Shell Sort,20000,random,17,20260930,7061883718422281569,LMS,2,1684666,1
Shell Sort,20000,random,18,20260930,946234926965260406,SML,0,1869291,1
Merge Sort,20000,random,18,20260930,946234926965260406,SML,1,1313683,1
Library Sort,20000,random,18,20260930,946234926965260406,SML,2,404747703,1
Shell Sort,20000,random,19,20260930,4812607601118097686,SLM,0,1660481,1
Library Sort,20000,random,19,20260930,4812607601118097686,SLM,1,419328185,1
Merge Sort,20000,random,19,20260930,4812607601118097686,SLM,2,1312311,1
Merge Sort,20000,random,20,20260930,9450887269972967944,MSL,0,1318773,1
Shell Sort,20000,random,20,20260930,9450887269972967944,MSL,1,1666522,1
Library Sort,20000,random,20,20260930,9450887269972967944,MSL,2,466323739,1
Merge Sort,20000,random,21,20260930,1923836926858503889,MLS,0,1891072,1
Library Sort,20000,random,21,20260930,1923836926858503889,MLS,1,424027011,1
Shell Sort,20000,random,21,20260930,1923836926858503889,MLS,2,1654911,1
Library Sort,20000,random,22,20260930,7717251548334691650,LSM,0,443761859,1
Shell Sort,20000,random,22,20260930,7717251548334691650,LSM,1,1664449,1
Merge Sort,20000,random,22,20260930,7717251548334691650,LSM,2,1313132,1
Library Sort,20000,random,23,20260930,564627596725449755,LMS,0,515169107,1
Merge Sort,20000,random,23,20260930,564627596725449755,LMS,1,1424751,1
Shell Sort,20000,random,23,20260930,564627596725449755,LMS,2,1799131,1
Shell Sort,20000,random,24,20260930,15929284707719049021,SML,0,1689105,1
Merge Sort,20000,random,24,20260930,15929284707719049021,SML,1,1314034,1
Library Sort,20000,random,24,20260930,15929284707719049021,SML,2,419313697,1
Shell Sort,20000,random,25,20260930,6472661987089159656,SLM,0,2211892,1
Library Sort,20000,random,25,20260930,6472661987089159656,SLM,1,412439338,1
Merge Sort,20000,random,25,20260930,6472661987089159656,SLM,2,1378404,1
Merge Sort,20000,random,26,20260930,4642500549804020384,MSL,0,1323883,1
Shell Sort,20000,random,26,20260930,4642500549804020384,MSL,1,1656483,1
Library Sort,20000,random,26,20260930,4642500549804020384,MSL,2,409660948,1
Merge Sort,20000,random,27,20260930,7863511095293348316,MLS,0,1314796,1
Library Sort,20000,random,27,20260930,7863511095293348316,MLS,1,447835708,1
Shell Sort,20000,random,27,20260930,7863511095293348316,MLS,2,1687171,1
Library Sort,20000,random,28,20260930,11428715708573346530,LSM,0,410539588,1
Shell Sort,20000,random,28,20260930,11428715708573346530,LSM,1,1704874,1
Merge Sort,20000,random,28,20260930,11428715708573346530,LSM,2,1310899,1
Library Sort,20000,random,29,20260930,7567885240174571773,LMS,0,462513374,1
Merge Sort,20000,random,29,20260930,7567885240174571773,LMS,1,1299146,1
Shell Sort,20000,random,29,20260930,7567885240174571773,LMS,2,1679326,1
Shell Sort,20000,sorted,0,20260930,2624695939742825204,SML,0,241071,1
Merge Sort,20000,sorted,0,20260930,2624695939742825204,SML,1,381392,1
Library Sort,20000,sorted,0,20260930,2624695939742825204,SML,2,698781583,1
Shell Sort,20000,sorted,1,20260930,2074235946046981909,SLM,0,401240,1
Library Sort,20000,sorted,1,20260930,2074235946046981909,SLM,1,755975673,1
Merge Sort,20000,sorted,1,20260930,2074235946046981909,SLM,2,380671,1
Merge Sort,20000,sorted,2,20260930,16782548517713760675,MSL,0,376774,1
Shell Sort,20000,sorted,2,20260930,16782548517713760675,MSL,1,240710,1
Library Sort,20000,sorted,2,20260930,16782548517713760675,MSL,2,670539154,1
Merge Sort,20000,sorted,3,20260930,4340929284387164755,MLS,0,380751,1
Library Sort,20000,sorted,3,20260930,4340929284387164755,MLS,1,713779265,1
Shell Sort,20000,sorted,3,20260930,4340929284387164755,MLS,2,251340,1
Library Sort,20000,sorted,4,20260930,8866008784416267610,LSM,0,738777186,1
Shell Sort,20000,sorted,4,20260930,8866008784416267610,LSM,1,241000,1
Merge Sort,20000,sorted,4,20260930,8866008784416267610,LSM,2,507969,1
Library Sort,20000,sorted,5,20260930,12249821134559997207,LMS,0,675701534,1
Merge Sort,20000,sorted,5,20260930,12249821134559997207,LMS,1,378266,1
Shell Sort,20000,sorted,5,20260930,12249821134559997207,LMS,2,240810,1
Shell Sort,20000,sorted,6,20260930,9894442693917270877,SML,0,250328,1
Merge Sort,20000,sorted,6,20260930,9894442693917270877,SML,1,370813,1
Library Sort,20000,sorted,6,20260930,9894442693917270877,SML,2,800688027,1
Shell Sort,20000,sorted,7,20260930,3168754590799329606,SLM,0,432037,1
Library Sort,20000,sorted,7,20260930,3168754590799329606,SLM,1,826175726,1
Merge Sort,20000,sorted,7,20260930,3168754590799329606,SLM,2,401280,1
Merge Sort,20000,sorted,8,20260930,14723212446768156684,MSL,0,400167,1
Shell Sort,20000,sorted,8,20260930,14723212446768156684,MSL,1,240720,1
Library Sort,20000,sorted,8,20260930,14723212446768156684,MSL,2,761452687,1
Merge Sort,20000,sorted,9,20260930,2550811929705143671,MLS,0,371204,1
Library Sort,20000,sorted,9,20260930,2550811929705143671,MLS,1,775494481,1
Shell Sort,20000,sorted,9,20260930,2550811929705143671,MLS,2,240990,1
Library Sort,20000,sorted,10,20260930,17655665555254281737,LSM,0,678901152,1
Shell Sort,20000,sorted,10,20260930,17655665555254281737,LSM,1,241080,1
Merge Sort,20000,sorted,10,20260930,17655665555254281737,LSM,2,407441,1
Library Sort,20000,sorted,11,20260930,10021953584039118345,LMS,0,696123658,1
Merge Sort,20000,sorted,11,20260930,10021953584039118345,LMS,1,390259,1
Shell Sort,20000,sorted,11,20260930,10021953584039118345,LMS,2,251049,1
Shell Sort,20000,sorted,12,20260930,12745074672594219248,SML,0,240610,1
Merge Sort,20000,sorted,12,20260930,12745074672594219248,SML,1,381753,1
Library Sort,20000,sorted,12,20260930,12745074672594219248,SML,2,730645356,1
Shell Sort,20000,sorted,13,20260930,2040601825301724930,SLM,0,240690,1
Library Sort,20000,sorted,13,20260930,2040601825301724930,SLM,1,683432656,1
Merge Sort,20000,sorted,13,20260930,2040601825301724930,SLM,2,441685,1
Merge Sort,20000,sorted,14,20260930,13103362817891309229,MSL,0,389197,1
Shell Sort,20000,sorted,14,20260930,13103362817891309229,MSL,1,240700,1
Library Sort,20000,sorted,14,20260930,13103362817891309229,MSL,2,761386051,1
Merge Sort,20000,sorted,15,20260930,680758283274342204,MLS,0,390118,1
Library Sort,20000,sorted,15,20260930,680758283274342204,MLS,1,784295997,1
Shell Sort,20000,sorted,15,20260930,680758283274342204,MLS,2,246080,1
Library Sort,20000,sorted,16,20260930,15374627243897099658,LSM,0,741035051,1
Shell Sort,20000,sorted,16,20260930,15374627243897099658,LSM,1,241020,1
Merge Sort,20000,sorted,16,20260930,15374627243897099658,LSM,2,391261,1
Library Sort,20000,sorted,17,20260930,8517955501337835454,LMS,0,684526889,1
Merge Sort,20000,sorted,17,20260930,8517955501337835454,LMS,1,406880,1
Shell Sort,20000,sorted,17,20260930,8517955501337835454,LMS,2,240800,1
Shell Sort,20000,sorted,18,20260930,6300427031128520908,SML,0,240630,1
Merge Sort,20000,sorted,18,20260930,6300427031128520908,SML,1,393886,1
Library Sort,20000,sorted,18,20260930,6300427031128520908,SML,2,747713516,1
Shell Sort,20000,sorted,19,20260930,3722285152842041843,SLM,0,240740,1
Library Sort,20000,sorted,19,20260930,3722285152842041843,SLM,1,696428085,1
Merge Sort,20000,sorted,19,20260930,3722285152842041843,SLM,2,442075,1
Merge Sort,20000,sorted,20,20260930,5176997223338627527,MSL,0,439040,1
Shell Sort,20000,sorted,20,20260930,5176997223338627527,MSL,1,240720,1
Library Sort,20000,sorted,20,20260930,5176997223338627527,MSL,2,689900869,1
Merge Sort,20000,sorted,21,20260930,4089120716846715374,MLS,0,599440,1
Library Sort,20000,sorted,21,20260930,4089120716846715374,MLS,1,784925683,1
Shell Sort,20000,sorted,21,20260930,4089120716846715374,MLS,2,329325,1
Library Sort,20000,sorted,22,20260930,13287958715660042120,LSM,0,804110407,1
Shell Sort,20000,sorted,22,20260930,13287958715660042120,LSM,1,254065,1
Merge Sort,20000,sorted,22,20260930,13287958715660042120,LSM,2,407250,1
Library Sort,20000,sorted,23,20260930,15728818199239821260,LMS,0,760489388,1
Merge Sort,20000,sorted,23,20260930,15728818199239821260,LMS,1,428420,1
Shell Sort,20000,sorted,23,20260930,15728818199239821260,LMS,2,292285,1
Shell Sort,20000,sorted,24,20260930,996564856344365413,SML,0,240699,1
Merge Sort,20000,sorted,24,20260930,996564856344365413,SML,1,370812,1
Library Sort,20000,sorted,24,20260930,996564856344365413,SML,2,701522412,1
Shell Sort,20000,sorted,25,20260930,16692507526699647171,SLM,0,251290,1
Library Sort,20000,sorted,25,20260930,16692507526699647171,SLM,1,746735397,1
Merge Sort,20000,sorted,25,20260930,16692507526699647171,SLM,2,403063,1
Merge Sort,20000,sorted,26,20260930,2821128935462869222,MSL,0,387984,1
Shell Sort,20000,sorted,26,20260930,2821128935462869222,MSL,1,240710,1
Library Sort,20000,sorted,26,20260930,2821128935462869222,MSL,2,779928841,1
Merge Sort,20000,sorted,27,20260930,16125358174585108989,MLS,0,392714,1
Library Sort,20000,sorted,27,20260930,16125358174585108989,MLS,1,692099725,1
Shell Sort,20000,sorted,27,20260930,16125358174585108989,MLS,2,240910,1
Library Sort,20000,sorted,28,20260930,5790448116283995781,LSM,0,711242096,1
Shell Sort,20000,sorted,28,20260930,5790448116283995781,LSM,1,241010,1
Merge Sort,20000,sorted,28,20260930,5790448116283995781,LSM,2,383486,1
Library Sort,20000,sorted,29,20260930,1730138679999440740,LMS,0,806735979,1
Merge Sort,20000,sorted,29,20260930,1730138679999440740,LMS,1,380571,1
Shell Sort,20000,sorted,29,20260930,1730138679999440740,LMS,2,254005,1
Shell Sort,20000,reverse,0,20260930,17335930028633108290,SML,0,358269,1
Merge Sort,20000,reverse,0,20260930,17335930028633108290,SML,1,303908,1
Library Sort,20000,reverse,0,20260930,17335930028633108290,SML,2,41616217,1
Shell Sort,20000,reverse,1,20260930,3462815016086145679,SLM,0,376182,1
Library Sort,20000,reverse,1,20260930,3462815016086145679,SLM,1,41060680,1
Merge Sort,20000,reverse,1,20260930,3462815016086145679,SLM,2,272880,1
Merge Sort,20000,reverse,2,20260930,17012084864186080804,MSL,0,283509,1
Shell Sort,20000,reverse,2,20260930,17012084864186080804,MSL,1,322031,1
Library Sort,20000,reverse,2,20260930,17012084864186080804,MSL,2,41696717,1
Merge Sort,20000,reverse,3,20260930,6094280029709172158,MLS,0,276797,1
Library Sort,20000,reverse,3,20260930,6094280029709172158,MLS,1,41150848,1
Shell Sort,20000,reverse,3,20260930,6094280029709172158,MLS,2,345655,1
Library Sort,20000,reverse,4,20260930,17616881376057496438,LSM,0,41723307,1
Shell Sort,20000,reverse,4,20260930,17616881376057496438,LSM,1,343401,1
Merge Sort,20000,reverse,4,20260930,17616881376057496438,LSM,2,288458,1
Library Sort,20000,reverse,5,20260930,16719004772568343763,LMS,0,44054602,1
Merge Sort,20000,reverse,5,20260930,16719004772568343763,LMS,1,285574,1
Shell Sort,20000,reverse,5,20260930,16719004772568343763,LMS,2,323905,1
Shell Sort,20000,reverse,6,20260930,2358485518122116313,SML,0,342910,1
Merge Sort,20000,reverse,6,20260930,2358485518122116313,SML,1,284541,1
Library Sort,20000,reverse,6,20260930,2358485518122116313,SML,2,41457801,1
Shell Sort,20000,reverse,7,20260930,2925220896457950507,SLM,0,332882,1
Library Sort,20000,reverse,7,20260930,2925220896457950507,SLM,1,58588186,1
Merge Sort,20000,reverse,7,20260930,2925220896457950507,SLM,2,599309,1
Merge Sort,20000,reverse,8,20260930,2347373987100220580,MSL,0,631148,1
Shell Sort,20000,reverse,8,20260930,2347373987100220580,MSL,1,691691,1
Library Sort,20000,reverse,8,20260930,2347373987100220580,MSL,2,60022275,1
Merge Sort,20000,reverse,9,20260930,1974773870057934682,MLS,0,276947,1
Library Sort,20000,reverse,9,20260930,1974773870057934682,MLS,1,53077123,1
Shell Sort,20000,reverse,9,20260930,1974773870057934682,MLS,2,347660,1
Library Sort,20000,reverse,10,20260930,3346441031611573876,LSM,0,42639929,1
Shell Sort,20000,reverse,10,20260930,3346441031611573876,LSM,1,324556,1
Merge Sort,20000,reverse,10,20260930,3346441031611573876,LSM,2,342961,1
Library Sort,20000,reverse,11,20260930,412206523697166687,LMS,0,43377186,1
Merge Sort,20000,reverse,11,20260930,412206523697166687,LMS,1,274382,1
Shell Sort,20000,reverse,11,20260930,412206523697166687,LMS,2,322712,1
Shell Sort,20000,reverse,12,20260930,7032193685985987830,SML,0,342670,1
Merge Sort,20000,reverse,12,20260930,7032193685985987830,SML,1,423350,1
Library Sort,20000,reverse,12,20260930,7032193685985987830,SML,2,41882995,1
Shell Sort,20000,reverse,13,20260930,6049416966315213037,SLM,0,383626,1
Library Sort,20000,reverse,13,20260930,6049416966315213037,SLM,1,43556251,1
Merge Sort,20000,reverse,13,20260930,6049416966315213037,SLM,2,287316,1
Merge Sort,20000,reverse,14,20260930,9839868398067167552,MSL,0,293268,1
Shell Sort,20000,reverse,14,20260930,9839868398067167552,MSL,1,322693,1
Library Sort,20000,reverse,14,20260930,9839868398067167552,MSL,2,43013797,1
Merge Sort,20000,reverse,15,20260930,13274606259010560071,MLS,0,291124,1
Library Sort,20000,reverse,15,20260930,13274606259010560071,MLS,1,41350962,1
Shell Sort,20000,reverse,15,20260930,13274606259010560071,MLS,2,346798,1
Library Sort,20000,reverse,16,20260930,14364133036431585685,LSM,0,52296956,1
Shell Sort,20000,reverse,16,20260930,14364133036431585685,LSM,1,323965,1
Merge Sort,20000,reverse,16,20260930,14364133036431585685,LSM,2,274724,1
Library Sort,20000,reverse,17,20260930,3174122129780664099,LMS,0,41492906,1
Merge Sort,20000,reverse,17,20260930,3174122129780664099,LMS,1,291645,1
Shell Sort,20000,reverse,17,20260930,3174122129780664099,LMS,2,322854,1
Shell Sort,20000,reverse,18,20260930,2239796887469893665,SML,0,343612,1
Merge Sort,20000,reverse,18,20260930,2239796887469893665,SML,1,282718,1
Library Sort,20000,reverse,18,20260930,2239796887469893665,SML,2,44197828,1
Shell Sort,20000,reverse,19,20260930,2098111089954501118,SLM,0,335316,1
Library Sort,20000,reverse,19,20260930,2098111089954501118,SLM,1,42739858,1
Merge Sort,20000,reverse,19,20260930,2098111089954501118,SLM,2,286055,1
Merge Sort,20000,reverse,20,20260930,13163324688999756557,MSL,0,297536,1
Shell Sort,20000,reverse,20,20260930,13163324688999756557,MSL,1,322672,1
Library Sort,20000,reverse,20,20260930,13163324688999756557,MSL,2,41365680,1
Merge Sort,20000,reverse,21,20260930,5105748513131097874,MLS,0,278129,1
Library Sort,20000,reverse,21,20260930,5105748513131097874,MLS,1,47046289,1
Shell Sort,20000,reverse,21,20260930,5105748513131097874,MLS,2,334746,1
Library Sort,20000,reverse,22,20260930,14734827182697437361,LSM,0,41075117,1
Shell Sort,20000,reverse,22,20260930,14734827182697437361,LSM,1,333102,1
Merge Sort,20000,reverse,22,20260930,14734827182697437361,LSM,2,274592,1
Library Sort,20000,reverse,23,20260930,12569433901537986436,LMS,0,41526590,1
Merge Sort,20000,reverse,23,20260930,12569433901537986436,LMS,1,274733,1
Shell Sort,20000,reverse,23,20260930,12569433901537986436,LMS,2,322402,1
Shell Sort,20000,reverse,24,20260930,14159556339840772816,SML,0,352068,1
Merge Sort,20000,reverse,24,20260930,14159556339840772816,SML,1,284491,1
Library Sort,20000,reverse,24,20260930,14159556339840772816,SML,2,41288104,1
Shell Sort,20000,reverse,25,20260930,4284570280968258058,SLM,0,322201,1
Library Sort,20000,reverse,25,20260930,4284570280968258058,SLM,1,41183860,1
Merge Sort,20000,reverse,25,20260930,4284570280968258058,SLM,2,275685,1
Merge Sort,20000,reverse,26,20260930,810935108362119951,MSL,0,275494,1
Shell Sort,20000,reverse,26,20260930,810935108362119951,MSL,1,343451,1
Library Sort,20000,reverse,26,20260930,810935108362119951,MSL,2,43326802,1
Merge Sort,20000,reverse,27,20260930,14095522747912870059,MLS,0,284512,1
Library Sort,20000,reverse,27,20260930,14095522747912870059,MLS,1,47393758,1
Shell Sort,20000,reverse,27,20260930,14095522747912870059,MLS,2,339595,1
Library Sort,20000,reverse,28,20260930,17067193651627933712,LSM,0,41378333,1
Shell Sort,20000,reverse,28,20260930,17067193651627933712,LSM,1,322542,1
Merge Sort,20000,reverse,28,20260930,17067193651627933712,LSM,2,275143,1
Library Sort,20000,reverse,29,20260930,16887286592042947667,LMS,0,41419049,1
Merge Sort,20000,reverse,29,20260930,16887286592042947667,LMS,1,288108,1
Shell Sort,20000,reverse,29,20260930,16887286592042947667,LMS,2,343481,1
Shell Sort,20000,duplicate-heavy,0,20260930,14914482828032557739,SML,0,958350,1
Merge Sort,20000,duplicate-heavy,0,20260930,14914482828032557739,SML,1,842563,1
Library Sort,20000,duplicate-heavy,0,20260930,14914482828032557739,SML,2,390783992,1
Shell Sort,20000,duplicate-heavy,1,20260930,13354127364403724165,SLM,0,907786,1
Library Sort,20000,duplicate-heavy,1,20260930,13354127364403724165,SLM,1,285265454,1
Merge Sort,20000,duplicate-heavy,1,20260930,13354127364403724165,SLM,2,846792,1
Merge Sort,20000,duplicate-heavy,2,20260930,8749073335650801909,MSL,0,869023,1
Shell Sort,20000,duplicate-heavy,2,20260930,8749073335650801909,MSL,1,896585,1
Library Sort,20000,duplicate-heavy,2,20260930,8749073335650801909,MSL,2,293838839,1
Merge Sort,20000,duplicate-heavy,3,20260930,10732345951152131496,MLS,0,881125,1
Library Sort,20000,duplicate-heavy,3,20260930,10732345951152131496,MLS,1,361007458,1
Shell Sort,20000,duplicate-heavy,3,20260930,10732345951152131496,MLS,2,897767,1
Library Sort,20000,duplicate-heavy,4,20260930,3932991932594748914,LSM,0,316839242,1
Shell Sort,20000,duplicate-heavy,4,20260930,3932991932594748914,LSM,1,1397230,1
Merge Sort,20000,duplicate-heavy,4,20260930,3932991932594748914,LSM,2,814461,1
Library Sort,20000,duplicate-heavy,5,20260930,8195863581354869150,LMS,0,308516250,1
Merge Sort,20000,duplicate-heavy,5,20260930,8195863581354869150,LMS,1,849807,1
Shell Sort,20000,duplicate-heavy,5,20260930,8195863581354869150,LMS,2,905952,1
Shell Sort,20000,duplicate-heavy,6,20260930,2920667732806852758,SML,0,934926,1
Merge Sort,20000,duplicate-heavy,6,20260930,2920667732806852758,SML,1,837264,1
Library Sort,20000,duplicate-heavy,6,20260930,2920667732806852758,SML,2,304494879,1
Shell Sort,20000,duplicate-heavy,7,20260930,11131955523864274554,SLM,0,926851,1
Library Sort,20000,duplicate-heavy,7,20260930,11131955523864274554,SLM,1,341760661,1
Merge Sort,20000,duplicate-heavy,7,20260930,11131955523864274554,SLM,2,869333,1
Merge Sort,20000,duplicate-heavy,8,20260930,5843396804054887119,MSL,0,872279,1
Shell Sort,20000,duplicate-heavy,8,20260930,5843396804054887119,MSL,1,918315,1
Library Sort,20000,duplicate-heavy,8,20260930,5843396804054887119,MSL,2,369814620,1
Merge Sort,20000,duplicate-heavy,9,20260930,11372323983307257790,MLS,0,844408,1
Library Sort,20000,duplicate-heavy,9,20260930,11372323983307257790,MLS,1,290560464,1
Shell Sort,20000,duplicate-heavy,9,20260930,11372323983307257790,MLS,2,915360,1
Library Sort,20000,duplicate-heavy,10,20260930,116338937224694516,LSM,0,314652200,1
Shell Sort,20000,duplicate-heavy,10,20260930,116338937224694516,LSM,1,1133818,1
Merge Sort,20000,duplicate-heavy,10,20260930,116338937224694516,LSM,2,1135380,1
Library Sort,20000,duplicate-heavy,11,20260930,17789277934990328275,LMS,0,312119529,1
Merge Sort,20000,duplicate-heavy,11,20260930,17789277934990328275,LMS,1,826914,1
Shell Sort,20000,duplicate-heavy,11,20260930,17789277934990328275,LMS,2,910100,1
Shell Sort,20000,duplicate-heavy,12,20260930,14561197676964526646,SML,0,874033,1
Merge Sort,20000,duplicate-heavy,12,20260930,14561197676964526646,SML,1,847062,1
Library Sort,20000,duplicate-heavy,12,20260930,14561197676964526646,SML,2,340549228,1
Shell Sort,20000,duplicate-heavy,13,20260930,540359288540423018,SLM,0,900983,1
Library Sort,20000,duplicate-heavy,13,20260930,540359288540423018,SLM,1,325731152,1
Merge Sort,20000,duplicate-heavy,13,20260930,540359288540423018,SLM,2,845519,1
Merge Sort,20000,duplicate-heavy,14,20260930,10699072073962543617,MSL,0,851250,1
Shell Sort,20000,duplicate-heavy,14,20260930,10699072073962543617,MSL,1,897226,1
Library Sort,20000,duplicate-heavy,14,20260930,10699072073962543617,MSL,2,279195828,1
Merge Sort,20000,duplicate-heavy,15,20260930,11267198278800468688,MLS,0,839498,1
Library Sort,20000,duplicate-heavy,15,20260930,11267198278800468688,MLS,1,284897557,1
Shell Sort,20000,duplicate-heavy,15,20260930,11267198278800468688,MLS,2,910410,1
Library Sort,20000,duplicate-heavy,16,20260930,8778146653645403634,LSM,0,288529360,1
Shell Sort,20000,duplicate-heavy,16,20260930,8778146653645403634,LSM,1,902405,1
Merge Sort,20000,duplicate-heavy,16,20260930,8778146653645403634,LSM,2,855649,1
Library Sort,20000,duplicate-heavy,17,20260930,16202191742457279437,LMS,0,279130686,1
Merge Sort,20000,duplicate-heavy,17,20260930,16202191742457279437,LMS,1,950785,1
Shell Sort,20000,duplicate-heavy,17,20260930,16202191742457279437,LMS,2,900451,1
Shell Sort,20000,duplicate-heavy,18,20260930,11517428440922034272,SML,0,923064,1
Merge Sort,20000,duplicate-heavy,18,20260930,11517428440922034272,SML,1,896785,1
Library Sort,20000,duplicate-heavy,18,20260930,11517428440922034272,SML,2,283770572,1
Shell Sort,20000,duplicate-heavy,19,20260930,16164408377422926984,SLM,0,921461,1
Library Sort,20000,duplicate-heavy,19,20260930,16164408377422926984,SLM,1,289924266,1
Merge Sort,20000,duplicate-heavy,19,20260930,16164408377422926984,SLM,2,872449,1
Merge Sort,20000,duplicate-heavy,20,20260930,7059313521791226940,MSL,0,851511,1
Shell Sort,20000,duplicate-heavy,20,20260930,7059313521791226940,MSL,1,897436,1
Library Sort,20000,duplicate-heavy,20,20260930,7059313521791226940,MSL,2,321939488,1
Merge Sort,20000,duplicate-heavy,21,20260930,6766501055834194795,MLS,0,871617,1
Library Sort,20000,duplicate-heavy,21,20260930,6766501055834194795,MLS,1,286874461,1
Shell Sort,20000,duplicate-heavy,21,20260930,6766501055834194795,MLS,2,909629,1
Library Sort,20000,duplicate-heavy,22,20260930,10632473969467056483,LSM,0,369112153,1
Shell Sort,20000,duplicate-heavy,22,20260930,10632473969467056483,LSM,1,899911,1
Merge Sort,20000,duplicate-heavy,22,20260930,10632473969467056483,LSM,2,845810,1
Library Sort,20000,duplicate-heavy,23,20260930,12396491691597366346,LMS,0,288841996,1
Merge Sort,20000,duplicate-heavy,23,20260930,12396491691597366346,LMS,1,894230,1
Shell Sort,20000,duplicate-heavy,23,20260930,12396491691597366346,LMS,2,914959,1
Shell Sort,20000,duplicate-heavy,24,20260930,15112822979216951074,SML,0,913076,1
Merge Sort,20000,duplicate-heavy,24,20260930,15112822979216951074,SML,1,896724,1
Library Sort,20000,duplicate-heavy,24,20260930,15112822979216951074,SML,2,332612953,1
Shell Sort,20000,duplicate-heavy,25,20260930,12910640805759740584,SLM,0,911843,1
Library Sort,20000,duplicate-heavy,25,20260930,12910640805759740584,SLM,1,289699806,1
Merge Sort,20000,duplicate-heavy,25,20260930,12910640805759740584,SLM,2,847874,1
Merge Sort,20000,duplicate-heavy,26,20260930,11083441202304493541,MSL,0,872910,1
Shell Sort,20000,duplicate-heavy,26,20260930,11083441202304493541,MSL,1,1122496,1
Library Sort,20000,duplicate-heavy,26,20260930,11083441202304493541,MSL,2,284394931,1
Merge Sort,20000,duplicate-heavy,27,20260930,4158018478303339796,MLS,0,885223,1
Library Sort,20000,duplicate-heavy,27,20260930,4158018478303339796,MLS,1,324163404,1
Shell Sort,20000,duplicate-heavy,27,20260930,4158018478303339796,MLS,2,891034,1
Library Sort,20000,duplicate-heavy,28,20260930,1652424385084673044,LSM,0,360193496,1
Shell Sort,20000,duplicate-heavy,28,20260930,1652424385084673044,LSM,1,902496,1
Merge Sort,20000,duplicate-heavy,28,20260930,1652424385084673044,LSM,2,853644,1
Library Sort,20000,duplicate-heavy,29,20260930,4706133726172103807,LMS,0,307816893,1
Merge Sort,20000,duplicate-heavy,29,20260930,4706133726172103807,LMS,1,836702,1
Shell Sort,20000,duplicate-heavy,29,20260930,4706133726172103807,LMS,2,909169,1
