algorithm,input_size,distribution,trial,master_seed,seed,comparisons,moves,auxiliary_bytes,correct,status
Shell Sort,500,random,0,20260930,17091346009885327130,6375,10151,4,1,success
Merge Sort,500,random,0,20260930,17091346009885327130,3854,8984,2000,1,success
Library Sort,500,random,0,20260930,17091346009885327130,61847,2167,10000,1,success
Shell Sort,500,random,1,20260930,14911818322190790426,6282,10055,4,1,success
Merge Sort,500,random,1,20260930,14911818322190790426,3859,8984,2000,1,success
Library Sort,500,random,1,20260930,14911818322190790426,60142,2221,10000,1,success
Shell Sort,500,random,2,20260930,17212879969113767535,6378,10159,4,1,success
Merge Sort,500,random,2,20260930,17212879969113767535,3879,8984,2000,1,success
Library Sort,500,random,2,20260930,17212879969113767535,60952,2213,10000,1,success
Shell Sort,500,random,3,20260930,4052992045418502751,6054,9845,4,1,success
Merge Sort,500,random,3,20260930,4052992045418502751,3867,8984,2000,1,success
Library Sort,500,random,3,20260930,4052992045418502751,62298,2211,10000,1,success
Shell Sort,500,random,4,20260930,13185044698703629718,6564,10340,4,1,success
Merge Sort,500,random,4,20260930,13185044698703629718,3864,8984,2000,1,success
Library Sort,500,random,4,20260930,13185044698703629718,63436,2235,10000,1,success
Shell Sort,500,random,5,20260930,18354484886844897009,6469,10244,4,1,success
Merge Sort,500,random,5,20260930,18354484886844897009,3867,8984,2000,1,success
Library Sort,500,random,5,20260930,18354484886844897009,61691,2202,10000,1,success
Shell Sort,500,random,6,20260930,10802761951945530097,6133,9897,4,1,success
Merge Sort,500,random,6,20260930,10802761951945530097,3866,8984,2000,1,success
Library Sort,500,random,6,20260930,10802761951945530097,63590,2235,10000,1,success
Shell Sort,500,random,7,20260930,102460307008990873,6522,10291,4,1,success
Merge Sort,500,random,7,20260930,102460307008990873,3852,8984,2000,1,success
Library Sort,500,random,7,20260930,102460307008990873,60576,2212,10000,1,success
Shell Sort,500,random,8,20260930,12028341300069509589,6161,9922,4,1,success
Merge Sort,500,random,8,20260930,12028341300069509589,3856,8984,2000,1,success
Library Sort,500,random,8,20260930,12028341300069509589,63566,2222,10000,1,success
Shell Sort,500,random,9,20260930,15141585126865131569,6285,10059,4,1,success
Merge Sort,500,random,9,20260930,15141585126865131569,3868,8984,2000,1,success
Library Sort,500,random,9,20260930,15141585126865131569,58350,2287,10000,1,success
Shell Sort,500,random,10,20260930,15968382530975956355,6447,10205,4,1,success
Merge Sort,500,random,10,20260930,15968382530975956355,3832,8984,2000,1,success
Library Sort,500,random,10,20260930,15968382530975956355,64050,2211,10000,1,success
Shell Sort,500,random,11,20260930,13534956925324986130,6520,10289,4,1,success
Merge Sort,500,random,11,20260930,13534956925324986130,3867,8984,2000,1,success
Library Sort,500,random,11,20260930,13534956925324986130,64036,2251,10000,1,success
Shell Sort,500,random,12,20260930,11256268989227096709,6305,10080,4,1,success
Merge Sort,500,random,12,20260930,11256268989227096709,3870,8984,2000,1,success
Library Sort,500,random,12,20260930,11256268989227096709,63616,2222,10000,1,success
Shell Sort,500,random,13,20260930,8891061314007407381,6211,9971,4,1,success
Merge Sort,500,random,13,20260930,8891061314007407381,3866,8984,2000,1,success
Library Sort,500,random,13,20260930,8891061314007407381,61149,2251,10000,1,success
Shell Sort,500,random,14,20260930,7888077492115928173,6343,10108,4,1,success
Merge Sort,500,random,14,20260930,7888077492115928173,3849,8984,2000,1,success
Library Sort,500,random,14,20260930,7888077492115928173,62749,2206,10000,1,success
Shell Sort,500,random,15,20260930,11579377490178664084,6290,10061,4,1,success
Merge Sort,500,random,15,20260930,11579377490178664084,3878,8984,2000,1,success
Library Sort,500,random,15,20260930,11579377490178664084,60717,2202,10000,1,success
Shell Sort,500,random,16,20260930,15829571090998460547,6257,10032,4,1,success
Merge Sort,500,random,16,20260930,15829571090998460547,3859,8984,2000,1,success
Library Sort,500,random,16,20260930,15829571090998460547,62446,2210,10000,1,success
Shell Sort,500,random,17,20260930,17676187724073254946,6431,10199,4,1,success
Merge Sort,500,random,17,20260930,17676187724073254946,3875,8984,2000,1,success
Library Sort,500,random,17,20260930,17676187724073254946,62094,2256,10000,1,success
Shell Sort,500,random,18,20260930,12016479626643508664,6313,10079,4,1,success
Merge Sort,500,random,18,20260930,12016479626643508664,3847,8984,2000,1,success
Library Sort,500,random,18,20260930,12016479626643508664,63454,2189,10000,1,success
Shell Sort,500,random,19,20260930,3104408665946344299,6152,9929,4,1,success
Merge Sort,500,random,19,20260930,3104408665946344299,3841,8984,2000,1,success
Library Sort,500,random,19,20260930,3104408665946344299,63592,2202,10000,1,success
Shell Sort,500,random,20,20260930,12275720736036064383,6657,10414,4,1,success
Merge Sort,500,random,20,20260930,12275720736036064383,3884,8984,2000,1,success
Library Sort,500,random,20,20260930,12275720736036064383,63379,2175,10000,1,success
Shell Sort,500,random,21,20260930,18104660891103453391,6441,10206,4,1,success
Merge Sort,500,random,21,20260930,18104660891103453391,3862,8984,2000,1,success
Library Sort,500,random,21,20260930,18104660891103453391,62592,2204,10000,1,success
Shell Sort,500,random,22,20260930,9250556104167886993,6362,10131,4,1,success
Merge Sort,500,random,22,20260930,9250556104167886993,3835,8984,2000,1,success
Library Sort,500,random,22,20260930,9250556104167886993,63531,2208,10000,1,success
Shell Sort,500,random,23,20260930,5173261069657360078,6241,10033,4,1,success
Merge Sort,500,random,23,20260930,5173261069657360078,3875,8984,2000,1,success
Library Sort,500,random,23,20260930,5173261069657360078,59919,2190,10000,1,success
Shell Sort,500,random,24,20260930,17924945035634864843,6264,10030,4,1,success
Merge Sort,500,random,24,20260930,17924945035634864843,3876,8984,2000,1,success
Library Sort,500,random,24,20260930,17924945035634864843,62657,2204,10000,1,success
Shell Sort,500,random,25,20260930,15441561464633303228,6165,9929,4,1,success
Merge Sort,500,random,25,20260930,15441561464633303228,3866,8984,2000,1,success
Library Sort,500,random,25,20260930,15441561464633303228,64322,2218,10000,1,success
Shell Sort,500,random,26,20260930,12485022267478838061,6088,9850,4,1,success
Merge Sort,500,random,26,20260930,12485022267478838061,3860,8984,2000,1,success
Library Sort,500,random,26,20260930,12485022267478838061,68162,2211,10000,1,success
Shell Sort,500,random,27,20260930,16112700468499247458,6343,10131,4,1,success
Merge Sort,500,random,27,20260930,16112700468499247458,3860,8984,2000,1,success
Library Sort,500,random,27,20260930,16112700468499247458,62799,2181,10000,1,success
Shell Sort,500,random,28,20260930,11108334602650833778,6191,9957,4,1,success
Merge Sort,500,random,28,20260930,11108334602650833778,3871,8984,2000,1,success
Library Sort,500,random,28,20260930,11108334602650833778,63882,2268,10000,1,success
Shell Sort,500,random,29,20260930,16143545850948970142,6520,10295,4,1,success
Merge Sort,500,random,29,20260930,16143545850948970142,3841,8984,2000,1,success
Library Sort,500,random,29,20260930,16143545850948970142,64167,2209,10000,1,success
Shell Sort,500,sorted,0,20260930,17084974282617120586,3506,7012,4,1,success
Merge Sort,500,sorted,0,20260930,17084974282617120586,2276,8984,2000,1,success
Library Sort,500,sorted,0,20260930,17084974282617120586,124750,54996,10000,1,success
Shell Sort,500,sorted,1,20260930,9989060205182887302,3506,7012,4,1,success
Merge Sort,500,sorted,1,20260930,9989060205182887302,2276,8984,2000,1,success
Library Sort,500,sorted,1,20260930,9989060205182887302,124750,54996,10000,1,success
Shell Sort,500,sorted,2,20260930,5952326901562669635,3506,7012,4,1,success
Merge Sort,500,sorted,2,20260930,5952326901562669635,2276,8984,2000,1,success
Library Sort,500,sorted,2,20260930,5952326901562669635,124750,54996,10000,1,success
Shell Sort,500,sorted,3,20260930,9076160003619376469,3506,7012,4,1,success
Merge Sort,500,sorted,3,20260930,9076160003619376469,2276,8984,2000,1,success
Library Sort,500,sorted,3,20260930,9076160003619376469,124750,54996,10000,1,success
Shell Sort,500,sorted,4,20260930,489320022326220123,3506,7012,4,1,success
Merge Sort,500,sorted,4,20260930,489320022326220123,2276,8984,2000,1,success
Library Sort,500,sorted,4,20260930,489320022326220123,124750,54996,10000,1,success
Shell Sort,500,sorted,5,20260930,5299519533764323103,3506,7012,4,1,success
Merge Sort,500,sorted,5,20260930,5299519533764323103,2276,8984,2000,1,success
Library Sort,500,sorted,5,20260930,5299519533764323103,124750,54996,10000,1,success
Shell Sort,500,sorted,6,20260930,226733403902445967,3506,7012,4,1,success
Merge Sort,500,sorted,6,20260930,226733403902445967,2276,8984,2000,1,success
Library Sort,500,sorted,6,20260930,226733403902445967,124750,54996,10000,1,success
Shell Sort,500,sorted,7,20260930,17714980822835453486,3506,7012,4,1,success
Merge Sort,500,sorted,7,20260930,17714980822835453486,2276,8984,2000,1,success
Library Sort,500,sorted,7,20260930,17714980822835453486,124750,54996,10000,1,success
Shell Sort,500,sorted,8,20260930,1800723417106011210,3506,7012,4,1,success
Merge Sort,500,sorted,8,20260930,1800723417106011210,2276,8984,2000,1,success
Library Sort,500,sorted,8,20260930,1800723417106011210,124750,54996,10000,1,success
Shell Sort,500,sorted,9,20260930,2910567875114219412,3506,7012,4,1,success
Merge Sort,500,sorted,9,20260930,2910567875114219412,2276,8984,2000,1,success
Library Sort,500,sorted,9,20260930,2910567875114219412,124750,54996,10000,1,success
Shell Sort,500,sorted,10,20260930,17542931766663741306,3506,7012,4,1,success
Merge Sort,500,sorted,10,20260930,17542931766663741306,2276,8984,2000,1,success
Library Sort,500,sorted,10,20260930,17542931766663741306,124750,54996,10000,1,success
Shell Sort,500,sorted,11,20260930,883262165421280824,3506,7012,4,1,success
Merge Sort,500,sorted,11,20260930,883262165421280824,2276,8984,2000,1,success
Library Sort,500,sorted,11,20260930,883262165421280824,124750,54996,10000,1,success
Shell Sort,500,sorted,12,20260930,2673467293078785150,3506,7012,4,1,success
Merge Sort,500,sorted,12,20260930,2673467293078785150,2276,8984,2000,1,success
Library Sort,500,sorted,12,20260930,2673467293078785150,124750,54996,10000,1,success
Shell Sort,500,sorted,13,20260930,4070425452593528166,3506,7012,4,1,success
Merge Sort,500,sorted,13,20260930,4070425452593528166,2276,8984,2000,1,success
Library Sort,500,sorted,13,20260930,4070425452593528166,124750,54996,10000,1,success
Shell Sort,500,sorted,14,20260930,3590217204611790526,3506,7012,4,1,success
Merge Sort,500,sorted,14,20260930,3590217204611790526,2276,8984,2000,1,success
Library Sort,500,sorted,14,20260930,3590217204611790526,124750,54996,10000,1,success
Shell Sort,500,sorted,15,20260930,15436556676701262322,3506,7012,4,1,success
Merge Sort,500,sorted,15,20260930,15436556676701262322,2276,8984,2000,1,success
Library Sort,500,sorted,15,20260930,15436556676701262322,124750,54996,10000,1,success
Shell Sort,500,sorted,16,20260930,8662180785289796187,3506,7012,4,1,success
Merge Sort,500,sorted,16,20260930,8662180785289796187,2276,8984,2000,1,success
Library Sort,500,sorted,16,20260930,8662180785289796187,124750,54996,10000,1,success
Shell Sort,500,sorted,17,20260930,14955860393899585712,3506,7012,4,1,success
Merge Sort,500,sorted,17,20260930,14955860393899585712,2276,8984,2000,1,success
Library Sort,500,sorted,17,20260930,14955860393899585712,124750,54996,10000,1,success
Shell Sort,500,sorted,18,20260930,17534158768691812380,3506,7012,4,1,success
Merge Sort,500,sorted,18,20260930,17534158768691812380,2276,8984,2000,1,success
Library Sort,500,sorted,18,20260930,17534158768691812380,124750,54996,10000,1,success
Shell Sort,500,sorted,19,20260930,2405261268162866396,3506,7012,4,1,success
Merge Sort,500,sorted,19,20260930,2405261268162866396,2276,8984,2000,1,success
Library Sort,500,sorted,19,20260930,2405261268162866396,124750,54996,10000,1,success
Shell Sort,500,sorted,20,20260930,6259700723191439419,3506,7012,4,1,success
Merge Sort,500,sorted,20,20260930,6259700723191439419,2276,8984,2000,1,success
Library Sort,500,sorted,20,20260930,6259700723191439419,124750,54996,10000,1,success
Shell Sort,500,sorted,21,20260930,11185206686534148754,3506,7012,4,1,success
Merge Sort,500,sorted,21,20260930,11185206686534148754,2276,8984,2000,1,success
Library Sort,500,sorted,21,20260930,11185206686534148754,124750,54996,10000,1,success
Shell Sort,500,sorted,22,20260930,3517643925818454367,3506,7012,4,1,success
Merge Sort,500,sorted,22,20260930,3517643925818454367,2276,8984,2000,1,success
Library Sort,500,sorted,22,20260930,3517643925818454367,124750,54996,10000,1,success
Shell Sort,500,sorted,23,20260930,15296444902897247466,3506,7012,4,1,success
Merge Sort,500,sorted,23,20260930,15296444902897247466,2276,8984,2000,1,success
Library Sort,500,sorted,23,20260930,15296444902897247466,124750,54996,10000,1,success
Shell Sort,500,sorted,24,20260930,14914272222826557889,3506,7012,4,1,success
Merge Sort,500,sorted,24,20260930,14914272222826557889,2276,8984,2000,1,success
Library Sort,500,sorted,24,20260930,14914272222826557889,124750,54996,10000,1,success
Shell Sort,500,sorted,25,20260930,1299131945384698307,3506,7012,4,1,success
Merge Sort,500,sorted,25,20260930,1299131945384698307,2276,8984,2000,1,success
Library Sort,500,sorted,25,20260930,1299131945384698307,124750,54996,10000,1,success
Shell Sort,500,sorted,26,20260930,13143435755735804257,3506,7012,4,1,success
Merge Sort,500,sorted,26,20260930,13143435755735804257,2276,8984,2000,1,success
Library Sort,500,sorted,26,20260930,13143435755735804257,124750,54996,10000,1,success
Shell Sort,500,sorted,27,20260930,7603562106300659928,3506,7012,4,1,success
Merge Sort,500,sorted,27,20260930,7603562106300659928,2276,8984,2000,1,success
Library Sort,500,sorted,27,20260930,7603562106300659928,124750,54996,10000,1,success
Shell Sort,500,sorted,28,20260930,10446818058005505082,3506,7012,4,1,success
Merge Sort,500,sorted,28,20260930,10446818058005505082,2276,8984,2000,1,success
Library Sort,500,sorted,28,20260930,10446818058005505082,124750,54996,10000,1,success
Shell Sort,500,sorted,29,20260930,17876580938911210874,3506,7012,4,1,success
Merge Sort,500,sorted,29,20260930,17876580938911210874,2276,8984,2000,1,success
Library Sort,500,sorted,29,20260930,17876580938911210874,124750,54996,10000,1,success
Shell Sort,500,reverse,0,20260930,12965717921795409299,5116,9112,4,1,success
Merge Sort,500,reverse,0,20260930,12965717921795409299,2216,8984,2000,1,success
Library Sort,500,reverse,0,20260930,12965717921795409299,499,53036,10000,1,success
Shell Sort,500,reverse,1,20260930,4015483408897465295,5116,9112,4,1,success
Merge Sort,500,reverse,1,20260930,4015483408897465295,2216,8984,2000,1,success
Library Sort,500,reverse,1,20260930,4015483408897465295,499,53036,10000,1,success
Shell Sort,500,reverse,2,20260930,18194818590355567896,5116,9112,4,1,success
Merge Sort,500,reverse,2,20260930,18194818590355567896,2216,8984,2000,1,success
Library Sort,500,reverse,2,20260930,18194818590355567896,499,53036,10000,1,success
Shell Sort,500,reverse,3,20260930,6133458378072641765,5116,9112,4,1,success
Merge Sort,500,reverse,3,20260930,6133458378072641765,2216,8984,2000,1,success
Library Sort,500,reverse,3,20260930,6133458378072641765,499,53036,10000,1,success
Shell Sort,500,reverse,4,20260930,11919484219489836615,5116,9112,4,1,success
Merge Sort,500,reverse,4,20260930,11919484219489836615,2216,8984,2000,1,success
Library Sort,500,reverse,4,20260930,11919484219489836615,499,53036,10000,1,success
Shell Sort,500,reverse,5,20260930,6361767932350045479,5116,9112,4,1,success
Merge Sort,500,reverse,5,20260930,6361767932350045479,2216,8984,2000,1,success
Library Sort,500,reverse,5,20260930,6361767932350045479,499,53036,10000,1,success
Shell Sort,500,reverse,6,20260930,17846525455549071859,5116,9112,4,1,success
Merge Sort,500,reverse,6,20260930,17846525455549071859,2216,8984,2000,1,success
Library Sort,500,reverse,6,20260930,17846525455549071859,499,53036,10000,1,success
Shell Sort,500,reverse,7,20260930,3085443707773883965,5116,9112,4,1,success
Merge Sort,500,reverse,7,20260930,3085443707773883965,2216,8984,2000,1,success
Library Sort,500,reverse,7,20260930,3085443707773883965,499,53036,10000,1,success
Shell Sort,500,reverse,8,20260930,4904926039599401680,5116,9112,4,1,success
Merge Sort,500,reverse,8,20260930,4904926039599401680,2216,8984,2000,1,success
Library Sort,500,reverse,8,20260930,4904926039599401680,499,53036,10000,1,success
Shell Sort,500,reverse,9,20260930,5316546044719647956,5116,9112,4,1,success
Merge Sort,500,reverse,9,20260930,5316546044719647956,2216,8984,2000,1,success
Library Sort,500,reverse,9,20260930,5316546044719647956,499,53036,10000,1,success
Shell Sort,500,reverse,10,20260930,16075799912989052167,5116,9112,4,1,success
Merge Sort,500,reverse,10,20260930,16075799912989052167,2216,8984,2000,1,success
Library Sort,500,reverse,10,20260930,16075799912989052167,499,53036,10000,1,success
Shell Sort,500,reverse,11,20260930,12081373363165839300,5116,9112,4,1,success
Merge Sort,500,reverse,11,20260930,12081373363165839300,2216,8984,2000,1,success
Library Sort,500,reverse,11,20260930,12081373363165839300,499,53036,10000,1,success
Shell Sort,500,reverse,12,20260930,5935516122416100906,5116,9112,4,1,success
Merge Sort,500,reverse,12,20260930,5935516122416100906,2216,8984,2000,1,success
Library Sort,500,reverse,12,20260930,5935516122416100906,499,53036,10000,1,success
Shell Sort,500,reverse,13,20260930,14010770854388951170,5116,9112,4,1,success
Merge Sort,500,reverse,13,20260930,14010770854388951170,2216,8984,2000,1,success
Library Sort,500,reverse,13,20260930,14010770854388951170,499,53036,10000,1,success
Shell Sort,500,reverse,14,20260930,7354865242761931875,5116,9112,4,1,success
Merge Sort,500,reverse,14,20260930,7354865242761931875,2216,8984,2000,1,success
Library Sort,500,reverse,14,20260930,7354865242761931875,499,53036,10000,1,success
Shell Sort,500,reverse,15,20260930,5671409741840195540,5116,9112,4,1,success
Merge Sort,500,reverse,15,20260930,5671409741840195540,2216,8984,2000,1,success
Library Sort,500,reverse,15,20260930,5671409741840195540,499,53036,10000,1,success
Shell Sort,500,reverse,16,20260930,3001138475783976775,5116,9112,4,1,success
Merge Sort,500,reverse,16,20260930,3001138475783976775,2216,8984,2000,1,success
Library Sort,500,reverse,16,20260930,3001138475783976775,499,53036,10000,1,success
Shell Sort,500,reverse,17,20260930,1931356210627865686,5116,9112,4,1,success
Merge Sort,500,reverse,17,20260930,1931356210627865686,2216,8984,2000,1,success
Library Sort,500,reverse,17,20260930,1931356210627865686,499,53036,10000,1,success
Shell Sort,500,reverse,18,20260930,385242528377233261,5116,9112,4,1,success
Merge Sort,500,reverse,18,20260930,385242528377233261,2216,8984,2000,1,success
Library Sort,500,reverse,18,20260930,385242528377233261,499,53036,10000,1,success
Shell Sort,500,reverse,19,20260930,13947817652125406733,5116,9112,4,1,success
Merge Sort,500,reverse,19,20260930,13947817652125406733,2216,8984,2000,1,success
Library Sort,500,reverse,19,20260930,13947817652125406733,499,53036,10000,1,success
Shell Sort,500,reverse,20,20260930,3935643155117026848,5116,9112,4,1,success
Merge Sort,500,reverse,20,20260930,3935643155117026848,2216,8984,2000,1,success
Library Sort,500,reverse,20,20260930,3935643155117026848,499,53036,10000,1,success
Shell Sort,500,reverse,21,20260930,573075074208950200,5116,9112,4,1,success
Merge Sort,500,reverse,21,20260930,573075074208950200,2216,8984,2000,1,success
Library Sort,500,reverse,21,20260930,573075074208950200,499,53036,10000,1,success
Shell Sort,500,reverse,22,20260930,2394295736099604273,5116,9112,4,1,success
Merge Sort,500,reverse,22,20260930,2394295736099604273,2216,8984,2000,1,success
Library Sort,500,reverse,22,20260930,2394295736099604273,499,53036,10000,1,success
Shell Sort,500,reverse,23,20260930,13535515903220915910,5116,9112,4,1,success
Merge Sort,500,reverse,23,20260930,13535515903220915910,2216,8984,2000,1,success
Library Sort,500,reverse,23,20260930,13535515903220915910,499,53036,10000,1,success
Shell Sort,500,reverse,24,20260930,14766275306778968041,5116,9112,4,1,success
Merge Sort,500,reverse,24,20260930,14766275306778968041,2216,8984,2000,1,success
Library Sort,500,reverse,24,20260930,14766275306778968041,499,53036,10000,1,success
Shell Sort,500,reverse,25,20260930,9596733656074791430,5116,9112,4,1,success
Merge Sort,500,reverse,25,20260930,9596733656074791430,2216,8984,2000,1,success
Library Sort,500,reverse,25,20260930,9596733656074791430,499,53036,10000,1,success
Shell Sort,500,reverse,26,20260930,12319628856837902413,5116,9112,4,1,success
Merge Sort,500,reverse,26,20260930,12319628856837902413,2216,8984,2000,1,success
Library Sort,500,reverse,26,20260930,12319628856837902413,499,53036,10000,1,success
Shell Sort,500,reverse,27,20260930,8414633546359408532,5116,9112,4,1,success
Merge Sort,500,reverse,27,20260930,8414633546359408532,2216,8984,2000,1,success
Library Sort,500,reverse,27,20260930,8414633546359408532,499,53036,10000,1,success
Shell Sort,500,reverse,28,20260930,5070433937781639161,5116,9112,4,1,success
Merge Sort,500,reverse,28,20260930,5070433937781639161,2216,8984,2000,1,success
Library Sort,500,reverse,28,20260930,5070433937781639161,499,53036,10000,1,success
Shell Sort,500,reverse,29,20260930,14093599411817901444,5116,9112,4,1,success
Merge Sort,500,reverse,29,20260930,14093599411817901444,2216,8984,2000,1,success
Library Sort,500,reverse,29,20260930,14093599411817901444,499,53036,10000,1,success
Shell Sort,500,duplicate-heavy,0,20260930,13513353505402294999,5004,8748,4,1,success
Merge Sort,500,duplicate-heavy,0,20260930,13513353505402294999,3845,8984,2000,1,success
Library Sort,500,duplicate-heavy,0,20260930,13513353505402294999,60393,2559,10000,1,success
Shell Sort,500,duplicate-heavy,1,20260930,10920224853721983374,5079,8790,4,1,success
Merge Sort,500,duplicate-heavy,1,20260930,10920224853721983374,3828,8984,2000,1,success
Library Sort,500,duplicate-heavy,1,20260930,10920224853721983374,63046,2565,10000,1,success
Shell Sort,500,duplicate-heavy,2,20260930,13986592599782175544,5002,8745,4,1,success
Merge Sort,500,duplicate-heavy,2,20260930,13986592599782175544,3816,8984,2000,1,success
Library Sort,500,duplicate-heavy,2,20260930,13986592599782175544,59625,2591,10000,1,success
Shell Sort,500,duplicate-heavy,3,20260930,17568379813312785473,4827,8560,4,1,success
Merge Sort,500,duplicate-heavy,3,20260930,17568379813312785473,3851,8984,2000,1,success
Library Sort,500,duplicate-heavy,3,20260930,17568379813312785473,58296,2529,10000,1,success
Shell Sort,500,duplicate-heavy,4,20260930,11759466030375880626,4930,8671,4,1,success
Merge Sort,500,duplicate-heavy,4,20260930,11759466030375880626,3852,8984,2000,1,success
Library Sort,500,duplicate-heavy,4,20260930,11759466030375880626,59843,2491,10000,1,success
Shell Sort,500,duplicate-heavy,5,20260930,17484190632189212043,5281,9027,4,1,success
Merge Sort,500,duplicate-heavy,5,20260930,17484190632189212043,3784,8984,2000,1,success
Library Sort,500,duplicate-heavy,5,20260930,17484190632189212043,59366,2559,10000,1,success
Shell Sort,500,duplicate-heavy,6,20260930,6065391351065723087,5027,8756,4,1,success
Merge Sort,500,duplicate-heavy,6,20260930,6065391351065723087,3832,8984,2000,1,success
Library Sort,500,duplicate-heavy,6,20260930,6065391351065723087,59089,2648,10000,1,success
Shell Sort,500,duplicate-heavy,7,20260930,15560237582770354563,4815,8566,4,1,success
Merge Sort,500,duplicate-heavy,7,20260930,15560237582770354563,3839,8984,2000,1,success
Library Sort,500,duplicate-heavy,7,20260930,15560237582770354563,56312,2532,10000,1,success
Shell Sort,500,duplicate-heavy,8,20260930,2307149302073447425,5011,8740,4,1,success
Merge Sort,500,duplicate-heavy,8,20260930,2307149302073447425,3841,8984,2000,1,success
Library Sort,500,duplicate-heavy,8,20260930,2307149302073447425,62060,2463,10000,1,success
Shell Sort,500,duplicate-heavy,9,20260930,3437060501438373614,4949,8685,4,1,success
Merge Sort,500,duplicate-heavy,9,20260930,3437060501438373614,3830,8984,2000,1,success
Library Sort,500,duplicate-heavy,9,20260930,3437060501438373614,60220,2492,10000,1,success
Shell Sort,500,duplicate-heavy,10,20260930,2557738825405306666,4818,8562,4,1,success
Merge Sort,500,duplicate-heavy,10,20260930,2557738825405306666,3818,8984,2000,1,success
Library Sort,500,duplicate-heavy,10,20260930,2557738825405306666,62738,2516,10000,1,success
Shell Sort,500,duplicate-heavy,11,20260930,3112497778048001592,4835,8579,4,1,success
Merge Sort,500,duplicate-heavy,11,20260930,3112497778048001592,3810,8984,2000,1,success
Library Sort,500,duplicate-heavy,11,20260930,3112497778048001592,60101,2554,10000,1,success
Shell Sort,500,duplicate-heavy,12,20260930,3117209298070368511,5080,8792,4,1,success
Merge Sort,500,duplicate-heavy,12,20260930,3117209298070368511,3822,8984,2000,1,success
Library Sort,500,duplicate-heavy,12,20260930,3117209298070368511,63017,2542,10000,1,success
Shell Sort,500,duplicate-heavy,13,20260930,11631952164531657913,5113,8852,4,1,success
Merge Sort,500,duplicate-heavy,13,20260930,11631952164531657913,3818,8984,2000,1,success
Library Sort,500,duplicate-heavy,13,20260930,11631952164531657913,61204,2536,10000,1,success
Shell Sort,500,duplicate-heavy,14,20260930,11520430446686505527,4801,8542,4,1,success
Merge Sort,500,duplicate-heavy,14,20260930,11520430446686505527,3810,8984,2000,1,success
Library Sort,500,duplicate-heavy,14,20260930,11520430446686505527,59880,2474,10000,1,success
Shell Sort,500,duplicate-heavy,15,20260930,12406743061864090323,4911,8654,4,1,success
Merge Sort,500,duplicate-heavy,15,20260930,12406743061864090323,3847,8984,2000,1,success
Library Sort,500,duplicate-heavy,15,20260930,12406743061864090323,56497,2655,10000,1,success
Shell Sort,500,duplicate-heavy,16,20260930,3580938237305602987,5097,8823,4,1,success
Merge Sort,500,duplicate-heavy,16,20260930,3580938237305602987,3834,8984,2000,1,success
Library Sort,500,duplicate-heavy,16,20260930,3580938237305602987,61729,2548,10000,1,success
Shell Sort,500,duplicate-heavy,17,20260930,17347156446221553270,4855,8606,4,1,success
Merge Sort,500,duplicate-heavy,17,20260930,17347156446221553270,3821,8984,2000,1,success
Library Sort,500,duplicate-heavy,17,20260930,17347156446221553270,60197,2511,10000,1,success
Shell Sort,500,duplicate-heavy,18,20260930,11572392359869551235,5102,8846,4,1,success
Merge Sort,500,duplicate-heavy,18,20260930,11572392359869551235,3827,8984,2000,1,success
Library Sort,500,duplicate-heavy,18,20260930,11572392359869551235,61369,2554,10000,1,success
Shell Sort,500,duplicate-heavy,19,20260930,13102275397725633589,4956,8708,4,1,success
Merge Sort,500,duplicate-heavy,19,20260930,13102275397725633589,3829,8984,2000,1,success
Library Sort,500,duplicate-heavy,19,20260930,13102275397725633589,56655,2550,10000,1,success
Shell Sort,500,duplicate-heavy,20,20260930,946343097462863156,4993,8727,4,1,success
Merge Sort,500,duplicate-heavy,20,20260930,946343097462863156,3840,8984,2000,1,success
Library Sort,500,duplicate-heavy,20,20260930,946343097462863156,61557,2543,10000,1,success
Shell Sort,500,duplicate-heavy,21,20260930,3743535989887074291,4970,8711,4,1,success
Merge Sort,500,duplicate-heavy,21,20260930,3743535989887074291,3839,8984,2000,1,success
Library Sort,500,duplicate-heavy,21,20260930,3743535989887074291,60740,2524,10000,1,success
Shell Sort,500,duplicate-heavy,22,20260930,15343800901767548200,4889,8627,4,1,success
Merge Sort,500,duplicate-heavy,22,20260930,15343800901767548200,3831,8984,2000,1,success
Library Sort,500,duplicate-heavy,22,20260930,15343800901767548200,59393,2520,10000,1,success
Shell Sort,500,duplicate-heavy,23,20260930,1622637163939507932,5044,8794,4,1,success
Merge Sort,500,duplicate-heavy,23,20260930,1622637163939507932,3838,8984,2000,1,success
Library Sort,500,duplicate-heavy,23,20260930,1622637163939507932,58887,2575,10000,1,success
Shell Sort,500,duplicate-heavy,24,20260930,4927197446547089865,4853,8600,4,1,success
Merge Sort,500,duplicate-heavy,24,20260930,4927197446547089865,3837,8984,2000,1,success
Library Sort,500,duplicate-heavy,24,20260930,4927197446547089865,59515,2480,10000,1,success
Shell Sort,500,duplicate-heavy,25,20260930,1146928895640237903,5166,8904,4,1,success
Merge Sort,500,duplicate-heavy,25,20260930,1146928895640237903,3839,8984,2000,1,success
Library Sort,500,duplicate-heavy,25,20260930,1146928895640237903,59625,2520,10000,1,success
Shell Sort,500,duplicate-heavy,26,20260930,6240926893421322559,5077,8815,4,1,success
Merge Sort,500,duplicate-heavy,26,20260930,6240926893421322559,3822,8984,2000,1,success
Library Sort,500,duplicate-heavy,26,20260930,6240926893421322559,60462,2500,10000,1,success
Shell Sort,500,duplicate-heavy,27,20260930,13750120105054454662,4850,8590,4,1,success
Merge Sort,500,duplicate-heavy,27,20260930,13750120105054454662,3824,8984,2000,1,success
Library Sort,500,duplicate-heavy,27,20260930,13750120105054454662,58533,2518,10000,1,success
Shell Sort,500,duplicate-heavy,28,20260930,13637336027337847921,4900,8645,4,1,success
Merge Sort,500,duplicate-heavy,28,20260930,13637336027337847921,3828,8984,2000,1,success
Library Sort,500,duplicate-heavy,28,20260930,13637336027337847921,60100,2498,10000,1,success
Shell Sort,500,duplicate-heavy,29,20260930,13768228683491373270,5084,8825,4,1,success
Merge Sort,500,duplicate-heavy,29,20260930,13768228683491373270,3836,8984,2000,1,success
Library Sort,500,duplicate-heavy,29,20260930,13768228683491373270,58979,2496,10000,1,success
Shell Sort,1000,random,0,20260930,18439179089153588336,14880,23380,4,1,success
Merge Sort,1000,random,0,20260930,18439179089153588336,8716,19968,4000,1,success
Library Sort,1000,random,0,20260930,18439179089153588336,264281,4424,20000,1,success
Shell Sort,1000,random,1,20260930,3374754896142117630,14815,23352,4,1,success
Merge Sort,1000,random,1,20260930,3374754896142117630,8727,19968,4000,1,success
Library Sort,1000,random,1,20260930,3374754896142117630,243473,4442,20000,1,success
Shell Sort,1000,random,2,20260930,13824821944903670409,15884,24391,4,1,success
Merge Sort,1000,random,2,20260930,13824821944903670409,8697,19968,4000,1,success
Library Sort,1000,random,2,20260930,13824821944903670409,261313,4396,20000,1,success
Shell Sort,1000,random,3,20260930,10426724422788055521,15182,23706,4,1,success
Merge Sort,1000,random,3,20260930,10426724422788055521,8697,19968,4000,1,success
Library Sort,1000,random,3,20260930,10426724422788055521,251821,4408,20000,1,success
Shell Sort,1000,random,4,20260930,10357721728831399214,15435,23925,4,1,success
Merge Sort,1000,random,4,20260930,10357721728831399214,8726,19968,4000,1,success
Library Sort,1000,random,4,20260930,10357721728831399214,261467,4446,20000,1,success
Shell Sort,1000,random,5,20260930,5289205305456233731,14907,23429,4,1,success
Merge Sort,1000,random,5,20260930,5289205305456233731,8731,19968,4000,1,success
Library Sort,1000,random,5,20260930,5289205305456233731,256973,4455,20000,1,success
Shell Sort,1000,random,6,20260930,250917081400473810,14933,23457,4,1,success
Merge Sort,1000,random,6,20260930,250917081400473810,8734,19968,4000,1,success
Library Sort,1000,random,6,20260930,250917081400473810,254479,4561,20000,1,success
Shell Sort,1000,random,7,20260930,17178503454337888431,15316,23840,4,1,success
Merge Sort,1000,random,7,20260930,17178503454337888431,8742,19968,4000,1,success
Library Sort,1000,random,7,20260930,17178503454337888431,250472,4410,20000,1,success
Shell Sort,1000,random,8,20260930,2264711061968318463,14914,23448,4,1,success
Merge Sort,1000,random,8,20260930,2264711061968318463,8702,19968,4000,1,success
Library Sort,1000,random,8,20260930,2264711061968318463,250639,4420,20000,1,success
Shell Sort,1000,random,9,20260930,3512288308494617315,14816,23323,4,1,success
Merge Sort,1000,random,9,20260930,3512288308494617315,8716,19968,4000,1,success
Library Sort,1000,random,9,20260930,3512288308494617315,251578,4436,20000,1,success
Shell Sort,1000,random,10,20260930,4374137633187426098,14548,23043,4,1,success
Merge Sort,1000,random,10,20260930,4374137633187426098,8727,19968,4000,1,success
Library Sort,1000,random,10,20260930,4374137633187426098,256929,4545,20000,1,success
Shell Sort,1000,random,11,20260930,15153289205986659695,15695,24231,4,1,success
Merge Sort,1000,random,11,20260930,15153289205986659695,8718,19968,4000,1,success
Library Sort,1000,random,11,20260930,15153289205986659695,239887,4418,20000,1,success
Shell Sort,1000,random,12,20260930,11910847705046742341,14717,23271,4,1,success
Merge Sort,1000,random,12,20260930,11910847705046742341,8729,19968,4000,1,success
Library Sort,1000,random,12,20260930,11910847705046742341,247311,4422,20000,1,success
Shell Sort,1000,random,13,20260930,13178779217368564635,15209,23730,4,1,success
Merge Sort,1000,random,13,20260930,13178779217368564635,8703,19968,4000,1,success
Library Sort,1000,random,13,20260930,13178779217368564635,259494,4392,20000,1,success
Shell Sort,1000,random,14,20260930,9550104329084293116,15158,23664,4,1,success
Merge Sort,1000,random,14,20260930,9550104329084293116,8694,19968,4000,1,success
Library Sort,1000,random,14,20260930,9550104329084293116,251456,4416,20000,1,success
Shell Sort,1000,random,15,20260930,11543195261619830006,14744,23272,4,1,success
Merge Sort,1000,random,15,20260930,11543195261619830006,8722,19968,4000,1,success
Library Sort,1000,random,15,20260930,11543195261619830006,251566,4500,20000,1,success
Shell Sort,1000,random,16,20260930,3658033876570815761,14733,23254,4,1,success
Merge Sort,1000,random,16,20260930,3658033876570815761,8712,19968,4000,1,success
Library Sort,1000,random,16,20260930,3658033876570815761,251208,4490,20000,1,success
Shell Sort,1000,random,17,20260930,16992635135472050865,14770,23317,4,1,success
Merge Sort,1000,random,17,20260930,16992635135472050865,8755,19968,4000,1,success
Library Sort,1000,random,17,20260930,16992635135472050865,238025,4422,20000,1,success
Shell Sort,1000,random,18,20260930,17883437897628403757,14744,23252,4,1,success
Merge Sort,1000,random,18,20260930,17883437897628403757,8737,19968,4000,1,success
Library Sort,1000,random,18,20260930,17883437897628403757,254036,4561,20000,1,success
Shell Sort,1000,random,19,20260930,777480054493522004,14685,23188,4,1,success
Merge Sort,1000,random,19,20260930,777480054493522004,8716,19968,4000,1,success
Library Sort,1000,random,19,20260930,777480054493522004,251617,4433,20000,1,success
Shell Sort,1000,random,20,20260930,11504225101024010543,15178,23725,4,1,success
Merge Sort,1000,random,20,20260930,11504225101024010543,8727,19968,4000,1,success
Library Sort,1000,random,20,20260930,11504225101024010543,244207,4442,20000,1,success
Shell Sort,1000,random,21,20260930,15890260844660631244,14798,23316,4,1,success
Merge Sort,1000,random,21,20260930,15890260844660631244,8719,19968,4000,1,success
Library Sort,1000,random,21,20260930,15890260844660631244,258296,4587,20000,1,success
Shell Sort,1000,random,22,20260930,1174086662610379802,15002,23527,4,1,success
Merge Sort,1000,random,22,20260930,1174086662610379802,8706,19968,4000,1,success
Library Sort,1000,random,22,20260930,1174086662610379802,244089,4412,20000,1,success
Shell Sort,1000,random,23,20260930,13238516894669104891,15498,24003,4,1,success
Merge Sort,1000,random,23,20260930,13238516894669104891,8705,19968,4000,1,success
Library Sort,1000,random,23,20260930,13238516894669104891,256374,4380,20000,1,success
Shell Sort,1000,random,24,20260930,17542736068452754758,14844,23384,4,1,success
Merge Sort,1000,random,24,20260930,17542736068452754758,8714,19968,4000,1,success
Library Sort,1000,random,24,20260930,17542736068452754758,243036,4441,20000,1,success
Shell Sort,1000,random,25,20260930,5958383918216481253,15679,24217,4,1,success
Merge Sort,1000,random,25,20260930,5958383918216481253,8716,19968,4000,1,success
Library Sort,1000,random,25,20260930,5958383918216481253,239822,4460,20000,1,success
Shell Sort,1000,random,26,20260930,9523768869940626784,14787,23331,4,1,success
Merge Sort,1000,random,26,20260930,9523768869940626784,8694,19968,4000,1,success
Library Sort,1000,random,26,20260930,9523768869940626784,250109,4436,20000,1,success
Shell Sort,1000,random,27,20260930,5178812699017393941,15068,23595,4,1,success
Merge Sort,1000,random,27,20260930,5178812699017393941,8726,19968,4000,1,success
Library Sort,1000,random,27,20260930,5178812699017393941,243767,4433,20000,1,success
Shell Sort,1000,random,28,20260930,1599012157177426617,14612,23153,4,1,success
Merge Sort,1000,random,28,20260930,1599012157177426617,8719,19968,4000,1,success
Library Sort,1000,random,28,20260930,1599012157177426617,249862,4499,20000,1,success
Shell Sort,1000,random,29,20260930,5782901725805699615,15112,23653,4,1,success
Merge Sort,1000,random,29,20260930,5782901725805699615,8748,19968,4000,1,success
Library Sort,1000,random,29,20260930,5782901725805699615,245820,4455,20000,1,success
Shell Sort,1000,sorted,0,20260930,3169555859777190876,8006,16012,4,1,success
Merge Sort,1000,sorted,0,20260930,3169555859777190876,5052,19968,4000,1,success
Library Sort,1000,sorted,0,20260930,3169555859777190876,499500,218012,20000,1,success
Shell Sort,1000,sorted,1,20260930,16758237017749573021,8006,16012,4,1,success
Merge Sort,1000,sorted,1,20260930,16758237017749573021,5052,19968,4000,1,success
Library Sort,1000,sorted,1,20260930,16758237017749573021,499500,218012,20000,1,success
Shell Sort,1000,sorted,2,20260930,2123709029882419368,8006,16012,4,1,success
Merge Sort,1000,sorted,2,20260930,2123709029882419368,5052,19968,4000,1,success
Library Sort,1000,sorted,2,20260930,2123709029882419368,499500,218012,20000,1,success
Shell Sort,1000,sorted,3,20260930,10797927838122847401,8006,16012,4,1,success
Merge Sort,1000,sorted,3,20260930,10797927838122847401,5052,19968,4000,1,success
Library Sort,1000,sorted,3,20260930,10797927838122847401,499500,218012,20000,1,success
Shell Sort,1000,sorted,4,20260930,1369679404410000101,8006,16012,4,1,success
Merge Sort,1000,sorted,4,20260930,1369679404410000101,5052,19968,4000,1,success
Library Sort,1000,sorted,4,20260930,1369679404410000101,499500,218012,20000,1,success
Shell Sort,1000,sorted,5,20260930,11905211679444047089,8006,16012,4,1,success
Merge Sort,1000,sorted,5,20260930,11905211679444047089,5052,19968,4000,1,success
Library Sort,1000,sorted,5,20260930,11905211679444047089,499500,218012,20000,1,success
Shell Sort,1000,sorted,6,20260930,9552805655427687829,8006,16012,4,1,success
Merge Sort,1000,sorted,6,20260930,9552805655427687829,5052,19968,4000,1,success
Library Sort,1000,sorted,6,20260930,9552805655427687829,499500,218012,20000,1,success
Shell Sort,1000,sorted,7,20260930,17389393439205968277,8006,16012,4,1,success
Merge Sort,1000,sorted,7,20260930,17389393439205968277,5052,19968,4000,1,success
Library Sort,1000,sorted,7,20260930,17389393439205968277,499500,218012,20000,1,success
Shell Sort,1000,sorted,8,20260930,6266584389510673442,8006,16012,4,1,success
Merge Sort,1000,sorted,8,20260930,6266584389510673442,5052,19968,4000,1,success
Library Sort,1000,sorted,8,20260930,6266584389510673442,499500,218012,20000,1,success
Shell Sort,1000,sorted,9,20260930,15571251649734884167,8006,16012,4,1,success
Merge Sort,1000,sorted,9,20260930,15571251649734884167,5052,19968,4000,1,success
Library Sort,1000,sorted,9,20260930,15571251649734884167,499500,218012,20000,1,success
Shell Sort,1000,sorted,10,20260930,2554048818104643601,8006,16012,4,1,success
Merge Sort,1000,sorted,10,20260930,2554048818104643601,5052,19968,4000,1,success
Library Sort,1000,sorted,10,20260930,2554048818104643601,499500,218012,20000,1,success
Shell Sort,1000,sorted,11,20260930,16804013788510082454,8006,16012,4,1,success
Merge Sort,1000,sorted,11,20260930,16804013788510082454,5052,19968,4000,1,success
Library Sort,1000,sorted,11,20260930,16804013788510082454,499500,218012,20000,1,success
Shell Sort,1000,sorted,12,20260930,10421943717758701494,8006,16012,4,1,success
Merge Sort,1000,sorted,12,20260930,10421943717758701494,5052,19968,4000,1,success
Library Sort,1000,sorted,12,20260930,10421943717758701494,499500,218012,20000,1,success
Shell Sort,1000,sorted,13,20260930,17384681169006909417,8006,16012,4,1,success
Merge Sort,1000,sorted,13,20260930,17384681169006909417,5052,19968,4000,1,success
Library Sort,1000,sorted,13,20260930,17384681169006909417,499500,218012,20000,1,success
Shell Sort,1000,sorted,14,20260930,16092486224182654518,8006,16012,4,1,success
Merge Sort,1000,sorted,14,20260930,16092486224182654518,5052,19968,4000,1,success
Library Sort,1000,sorted,14,20260930,16092486224182654518,499500,218012,20000,1,success
Shell Sort,1000,sorted,15,20260930,18228109978257844697,8006,16012,4,1,success
Merge Sort,1000,sorted,15,20260930,18228109978257844697,5052,19968,4000,1,success
Library Sort,1000,sorted,15,20260930,18228109978257844697,499500,218012,20000,1,success
Shell Sort,1000,sorted,16,20260930,6647822110258648310,8006,16012,4,1,success
Merge Sort,1000,sorted,16,20260930,6647822110258648310,5052,19968,4000,1,success
Library Sort,1000,sorted,16,20260930,6647822110258648310,499500,218012,20000,1,success
Shell Sort,1000,sorted,17,20260930,4205283860252670615,8006,16012,4,1,success
Merge Sort,1000,sorted,17,20260930,4205283860252670615,5052,19968,4000,1,success
Library Sort,1000,sorted,17,20260930,4205283860252670615,499500,218012,20000,1,success
Shell Sort,1000,sorted,18,20260930,17962796112437222875,8006,16012,4,1,success
Merge Sort,1000,sorted,18,20260930,17962796112437222875,5052,19968,4000,1,success
Library Sort,1000,sorted,18,20260930,17962796112437222875,499500,218012,20000,1,success
Shell Sort,1000,sorted,19,20260930,7234357950797751280,8006,16012,4,1,success
Merge Sort,1000,sorted,19,20260930,7234357950797751280,5052,19968,4000,1,success
Library Sort,1000,sorted,19,20260930,7234357950797751280,499500,218012,20000,1,success
Shell Sort,1000,sorted,20,20260930,15472143236985680141,8006,16012,4,1,success
Merge Sort,1000,sorted,20,20260930,15472143236985680141,5052,19968,4000,1,success
Library Sort,1000,sorted,20,20260930,15472143236985680141,499500,218012,20000,1,success
Shell Sort,1000,sorted,21,20260930,6061860149045557443,8006,16012,4,1,success
Merge Sort,1000,sorted,21,20260930,6061860149045557443,5052,19968,4000,1,success
Library Sort,1000,sorted,21,20260930,6061860149045557443,499500,218012,20000,1,success
Shell Sort,1000,sorted,22,20260930,15770526936906681547,8006,16012,4,1,success
Merge Sort,1000,sorted,22,20260930,15770526936906681547,5052,19968,4000,1,success
Library Sort,1000,sorted,22,20260930,15770526936906681547,499500,218012,20000,1,success
Shell Sort,1000,sorted,23,20260930,2644264773547557121,8006,16012,4,1,success
Merge Sort,1000,sorted,23,20260930,2644264773547557121,5052,19968,4000,1,success
Library Sort,1000,sorted,23,20260930,2644264773547557121,499500,218012,20000,1,success
Shell Sort,1000,sorted,24,20260930,17276892019970587857,8006,16012,4,1,success
Merge Sort,1000,sorted,24,20260930,17276892019970587857,5052,19968,4000,1,success
Library Sort,1000,sorted,24,20260930,17276892019970587857,499500,218012,20000,1,success
Shell Sort,1000,sorted,25,20260930,9680700538333829689,8006,16012,4,1,success
Merge Sort,1000,sorted,25,20260930,9680700538333829689,5052,19968,4000,1,success
Library Sort,1000,sorted,25,20260930,9680700538333829689,499500,218012,20000,1,success
Shell Sort,1000,sorted,26,20260930,11670777339622506242,8006,16012,4,1,success
Merge Sort,1000,sorted,26,20260930,11670777339622506242,5052,19968,4000,1,success
Library Sort,1000,sorted,26,20260930,11670777339622506242,499500,218012,20000,1,success
Shell Sort,1000,sorted,27,20260930,16610493692241702039,8006,16012,4,1,success
Merge Sort,1000,sorted,27,20260930,16610493692241702039,5052,19968,4000,1,success
Library Sort,1000,sorted,27,20260930,16610493692241702039,499500,218012,20000,1,success
Shell Sort,1000,sorted,28,20260930,9406911006082828674,8006,16012,4,1,success
Merge Sort,1000,sorted,28,20260930,9406911006082828674,5052,19968,4000,1,success
Library Sort,1000,sorted,28,20260930,9406911006082828674,499500,218012,20000,1,success
Shell Sort,1000,sorted,29,20260930,17206673310798928191,8006,16012,4,1,success
Merge Sort,1000,sorted,29,20260930,17206673310798928191,5052,19968,4000,1,success
Library Sort,1000,sorted,29,20260930,17206673310798928191,499500,218012,20000,1,success
Shell Sort,1000,reverse,0,20260930,12653493849989408641,11716,20712,4,1,success
Merge Sort,1000,reverse,0,20260930,12653493849989408641,4932,19968,4000,1,success
Library Sort,1000,reverse,0,20260930,12653493849989408641,999,210214,20000,1,success
Shell Sort,1000,reverse,1,20260930,5597426781974777731,11716,20712,4,1,success
Merge Sort,1000,reverse,1,20260930,5597426781974777731,4932,19968,4000,1,success
Library Sort,1000,reverse,1,20260930,5597426781974777731,999,210214,20000,1,success
Shell Sort,1000,reverse,2,20260930,3183970528500780246,11716,20712,4,1,success
Merge Sort,1000,reverse,2,20260930,3183970528500780246,4932,19968,4000,1,success
Library Sort,1000,reverse,2,20260930,3183970528500780246,999,210214,20000,1,success
Shell Sort,1000,reverse,3,20260930,2212192513109586389,11716,20712,4,1,success
Merge Sort,1000,reverse,3,20260930,2212192513109586389,4932,19968,4000,1,success
Library Sort,1000,reverse,3,20260930,2212192513109586389,999,210214,20000,1,success
Shell Sort,1000,reverse,4,20260930,10574316449264228099,11716,20712,4,1,success
Merge Sort,1000,reverse,4,20260930,10574316449264228099,4932,19968,4000,1,success
Library Sort,1000,reverse,4,20260930,10574316449264228099,999,210214,20000,1,success
Shell Sort,1000,reverse,5,20260930,3359120155889509746,11716,20712,4,1,success
Merge Sort,1000,reverse,5,20260930,3359120155889509746,4932,19968,4000,1,success
Library Sort,1000,reverse,5,20260930,3359120155889509746,999,210214,20000,1,success
Shell Sort,1000,reverse,6,20260930,6857182655946930219,11716,20712,4,1,success
Merge Sort,1000,reverse,6,20260930,6857182655946930219,4932,19968,4000,1,success
Library Sort,1000,reverse,6,20260930,6857182655946930219,999,210214,20000,1,success
Shell Sort,1000,reverse,7,20260930,13971966195291481144,11716,20712,4,1,success
Merge Sort,1000,reverse,7,20260930,13971966195291481144,4932,19968,4000,1,success
Library Sort,1000,reverse,7,20260930,13971966195291481144,999,210214,20000,1,success
Shell Sort,1000,reverse,8,20260930,9643227431399081978,11716,20712,4,1,success
Merge Sort,1000,reverse,8,20260930,9643227431399081978,4932,19968,4000,1,success
Library Sort,1000,reverse,8,20260930,9643227431399081978,999,210214,20000,1,success
Shell Sort,1000,reverse,9,20260930,565108872997523703,11716,20712,4,1,success
Merge Sort,1000,reverse,9,20260930,565108872997523703,4932,19968,4000,1,success
Library Sort,1000,reverse,9,20260930,565108872997523703,999,210214,20000,1,success
Shell Sort,1000,reverse,10,20260930,6219296724898206863,11716,20712,4,1,success
Merge Sort,1000,reverse,10,20260930,6219296724898206863,4932,19968,4000,1,success
Library Sort,1000,reverse,10,20260930,6219296724898206863,999,210214,20000,1,success
Shell Sort,1000,reverse,11,20260930,12334150641291173678,11716,20712,4,1,success
Merge Sort,1000,reverse,11,20260930,12334150641291173678,4932,19968,4000,1,success
Library Sort,1000,reverse,11,20260930,12334150641291173678,999,210214,20000,1,success
Shell Sort,1000,reverse,12,20260930,6004035300978530432,11716,20712,4,1,success
Merge Sort,1000,reverse,12,20260930,6004035300978530432,4932,19968,4000,1,success
Library Sort,1000,reverse,12,20260930,6004035300978530432,999,210214,20000,1,success
Shell Sort,1000,reverse,13,20260930,11509008015917556677,11716,20712,4,1,success
Merge Sort,1000,reverse,13,20260930,11509008015917556677,4932,19968,4000,1,success
Library Sort,1000,reverse,13,20260930,11509008015917556677,999,210214,20000,1,success
Shell Sort,1000,reverse,14,20260930,3179536888975694032,11716,20712,4,1,success
Merge Sort,1000,reverse,14,20260930,3179536888975694032,4932,19968,4000,1,success
Library Sort,1000,reverse,14,20260930,3179536888975694032,999,210214,20000,1,success
Shell Sort,1000,reverse,15,20260930,6702956269271156859,11716,20712,4,1,success
Merge Sort,1000,reverse,15,20260930,6702956269271156859,4932,19968,4000,1,success
Library Sort,1000,reverse,15,20260930,6702956269271156859,999,210214,20000,1,success
Shell Sort,1000,reverse,16,20260930,1885353043690502010,11716,20712,4,1,success
Merge Sort,1000,reverse,16,20260930,1885353043690502010,4932,19968,4000,1,success
Library Sort,1000,reverse,16,20260930,1885353043690502010,999,210214,20000,1,success
Shell Sort,1000,reverse,17,20260930,6120687106125036907,11716,20712,4,1,success
Merge Sort,1000,reverse,17,20260930,6120687106125036907,4932,19968,4000,1,success
Library Sort,1000,reverse,17,20260930,6120687106125036907,999,210214,20000,1,success
Shell Sort,1000,reverse,18,20260930,3178516263461498678,11716,20712,4,1,success
Merge Sort,1000,reverse,18,20260930,3178516263461498678,4932,19968,4000,1,success
Library Sort,1000,reverse,18,20260930,3178516263461498678,999,210214,20000,1,success
Shell Sort,1000,reverse,19,20260930,13128401957965617296,11716,20712,4,1,success
Merge Sort,1000,reverse,19,20260930,13128401957965617296,4932,19968,4000,1,success
Library Sort,1000,reverse,19,20260930,13128401957965617296,999,210214,20000,1,success
Shell Sort,1000,reverse,20,20260930,8208483742012157997,11716,20712,4,1,success
Merge Sort,1000,reverse,20,20260930,8208483742012157997,4932,19968,4000,1,success
Library Sort,1000,reverse,20,20260930,8208483742012157997,999,210214,20000,1,success
Shell Sort,1000,reverse,21,20260930,2158999231440785133,11716,20712,4,1,success
Merge Sort,1000,reverse,21,20260930,2158999231440785133,4932,19968,4000,1,success
Library Sort,1000,reverse,21,20260930,2158999231440785133,999,210214,20000,1,success
Shell Sort,1000,reverse,22,20260930,14595362006425339724,11716,20712,4,1,success
Merge Sort,1000,reverse,22,20260930,14595362006425339724,4932,19968,4000,1,success
Library Sort,1000,reverse,22,20260930,14595362006425339724,999,210214,20000,1,success
Shell Sort,1000,reverse,23,20260930,16534382058216913297,11716,20712,4,1,success
Merge Sort,1000,reverse,23,20260930,16534382058216913297,4932,19968,4000,1,success
Library Sort,1000,reverse,23,20260930,16534382058216913297,999,210214,20000,1,success
Shell Sort,1000,reverse,24,20260930,9160849912525920131,11716,20712,4,1,success
Merge Sort,1000,reverse,24,20260930,9160849912525920131,4932,19968,4000,1,success
Library Sort,1000,reverse,24,20260930,9160849912525920131,999,210214,20000,1,success
Shell Sort,1000,reverse,25,20260930,1730896842012076719,11716,20712,4,1,success
Merge Sort,1000,reverse,25,20260930,1730896842012076719,4932,19968,4000,1,success
Library Sort,1000,reverse,25,20260930,1730896842012076719,999,210214,20000,1,success
Shell Sort,1000,reverse,26,20260930,12874978267699860,11716,20712,4,1,success
Merge Sort,1000,reverse,26,20260930,12874978267699860,4932,19968,4000,1,success
Library Sort,1000,reverse,26,20260930,12874978267699860,999,210214,20000,1,success
Shell Sort,1000,reverse,27,20260930,9199452239009359558,11716,20712,4,1,success
Merge Sort,1000,reverse,27,20260930,9199452239009359558,4932,19968,4000,1,success
Library Sort,1000,reverse,27,20260930,9199452239009359558,999,210214,20000,1,success
Shell Sort,1000,reverse,28,20260930,633458101815353670,11716,20712,4,1,success
Merge Sort,1000,reverse,28,20260930,633458101815353670,4932,19968,4000,1,success
Library Sort,1000,reverse,28,20260930,633458101815353670,999,210214,20000,1,success
Shell Sort,1000,reverse,29,20260930,14101971667930831867,11716,20712,4,1,success
Merge Sort,1000,reverse,29,20260930,14101971667930831867,4932,19968,4000,1,success
Library Sort,1000,reverse,29,20260930,14101971667930831867,999,210214,20000,1,success
Shell Sort,1000,duplicate-heavy,0,20260930,15139345110161793847,11560,20026,4,1,success
Merge Sort,1000,duplicate-heavy,0,20260930,15139345110161793847,8625,19968,4000,1,success
Library Sort,1000,duplicate-heavy,0,20260930,15139345110161793847,246836,6481,20000,1,success
Shell Sort,1000,duplicate-heavy,1,20260930,4016115833132913814,11658,20135,4,1,success
Merge Sort,1000,duplicate-heavy,1,20260930,4016115833132913814,8613,19968,4000,1,success
Library Sort,1000,duplicate-heavy,1,20260930,4016115833132913814,227565,6367,20000,1,success
Shell Sort,1000,duplicate-heavy,2,20260930,17477095916460043810,11442,19899,4,1,success
Merge Sort,1000,duplicate-heavy,2,20260930,17477095916460043810,8693,19968,4000,1,success
Library Sort,1000,duplicate-heavy,2,20260930,17477095916460043810,235815,6218,20000,1,success
Shell Sort,1000,duplicate-heavy,3,20260930,123868871543563524,11187,19653,4,1,success
Merge Sort,1000,duplicate-heavy,3,20260930,123868871543563524,8605,19968,4000,1,success
Library Sort,1000,duplicate-heavy,3,20260930,123868871543563524,239295,6110,20000,1,success
Shell Sort,1000,duplicate-heavy,4,20260930,13842179886227659590,11324,19788,4,1,success
Merge Sort,1000,duplicate-heavy,4,20260930,13842179886227659590,8612,19968,4000,1,success
Library Sort,1000,duplicate-heavy,4,20260930,13842179886227659590,240656,6446,20000,1,success
Shell Sort,1000,duplicate-heavy,5,20260930,5961121032218715228,11329,19782,4,1,success
Merge Sort,1000,duplicate-heavy,5,20260930,5961121032218715228,8645,19968,4000,1,success
Library Sort,1000,duplicate-heavy,5,20260930,5961121032218715228,245984,6190,20000,1,success
Shell Sort,1000,duplicate-heavy,6,20260930,12587377732837345280,11362,19806,4,1,success
Merge Sort,1000,duplicate-heavy,6,20260930,12587377732837345280,8650,19968,4000,1,success
Library Sort,1000,duplicate-heavy,6,20260930,12587377732837345280,237597,6354,20000,1,success
Shell Sort,1000,duplicate-heavy,7,20260930,17869596873060019622,11486,19950,4,1,success
Merge Sort,1000,duplicate-heavy,7,20260930,17869596873060019622,8631,19968,4000,1,success
Library Sort,1000,duplicate-heavy,7,20260930,17869596873060019622,243295,6250,20000,1,success
Shell Sort,1000,duplicate-heavy,8,20260930,17442619320541814674,11782,20209,4,1,success
Merge Sort,1000,duplicate-heavy,8,20260930,17442619320541814674,8639,19968,4000,1,success
Library Sort,1000,duplicate-heavy,8,20260930,17442619320541814674,239476,6371,20000,1,success
Shell Sort,1000,duplicate-heavy,9,20260930,16931587066588999997,11365,19818,4,1,success
Merge Sort,1000,duplicate-heavy,9,20260930,16931587066588999997,8649,19968,4000,1,success
Library Sort,1000,duplicate-heavy,9,20260930,16931587066588999997,240404,6199,20000,1,success
Shell Sort,1000,duplicate-heavy,10,20260930,13182896020655548595,11377,19839,4,1,success
Merge Sort,1000,duplicate-heavy,10,20260930,13182896020655548595,8623,19968,4000,1,success
Library Sort,1000,duplicate-heavy,10,20260930,13182896020655548595,239959,6114,20000,1,success
Shell Sort,1000,duplicate-heavy,11,20260930,13684088605228152226,11507,19988,4,1,success
Merge Sort,1000,duplicate-heavy,11,20260930,13684088605228152226,8663,19968,4000,1,success
Library Sort,1000,duplicate-heavy,11,20260930,13684088605228152226,234377,6214,20000,1,success
Shell Sort,1000,duplicate-heavy,12,20260930,617471842274605880,11670,20143,4,1,success
Merge Sort,1000,duplicate-heavy,12,20260930,617471842274605880,8651,19968,4000,1,success
Library Sort,1000,duplicate-heavy,12,20260930,617471842274605880,240286,6369,20000,1,success
Shell Sort,1000,duplicate-heavy,13,20260930,2798794620451687832,11274,19724,4,1,success
Merge Sort,1000,duplicate-heavy,13,20260930,2798794620451687832,8668,19968,4000,1,success
Library Sort,1000,duplicate-heavy,13,20260930,2798794620451687832,243034,6059,20000,1,success
Shell Sort,1000,duplicate-heavy,14,20260930,14386507744280352756,11744,20198,4,1,success
Merge Sort,1000,duplicate-heavy,14,20260930,14386507744280352756,8635,19968,4000,1,success
Library Sort,1000,duplicate-heavy,14,20260930,14386507744280352756,238622,6456,20000,1,success
Shell Sort,1000,duplicate-heavy,15,20260930,15782003018412885577,11879,20340,4,1,success
Merge Sort,1000,duplicate-heavy,15,20260930,15782003018412885577,8649,19968,4000,1,success
Library Sort,1000,duplicate-heavy,15,20260930,15782003018412885577,239002,6228,20000,1,success
Shell Sort,1000,duplicate-heavy,16,20260930,12380016214069234079,11365,19825,4,1,success
Merge Sort,1000,duplicate-heavy,16,20260930,12380016214069234079,8636,19968,4000,1,success
Library Sort,1000,duplicate-heavy,16,20260930,12380016214069234079,237993,6230,20000,1,success
Shell Sort,1000,duplicate-heavy,17,20260930,17270433324022264853,11632,20102,4,1,success
Merge Sort,1000,duplicate-heavy,17,20260930,17270433324022264853,8610,19968,4000,1,success
Library Sort,1000,duplicate-heavy,17,20260930,17270433324022264853,237836,6410,20000,1,success
Shell Sort,1000,duplicate-heavy,18,20260930,1377001752929502925,11409,19888,4,1,success
Merge Sort,1000,duplicate-heavy,18,20260930,1377001752929502925,8648,19968,4000,1,success
Library Sort,1000,duplicate-heavy,18,20260930,1377001752929502925,234574,6116,20000,1,success
Shell Sort,1000,duplicate-heavy,19,20260930,12469740186966603168,11690,20150,4,1,success
Merge Sort,1000,duplicate-heavy,19,20260930,12469740186966603168,8668,19968,4000,1,success
Library Sort,1000,duplicate-heavy,19,20260930,12469740186966603168,242956,6407,20000,1,success
Shell Sort,1000,duplicate-heavy,20,20260930,9446397014874985231,11201,19663,4,1,success
Merge Sort,1000,duplicate-heavy,20,20260930,9446397014874985231,8619,19968,4000,1,success
Library Sort,1000,duplicate-heavy,20,20260930,9446397014874985231,246643,6383,20000,1,success
Shell Sort,1000,duplicate-heavy,21,20260930,6988050834436193396,11233,19683,4,1,success
Merge Sort,1000,duplicate-heavy,21,20260930,6988050834436193396,8649,19968,4000,1,success
Library Sort,1000,duplicate-heavy,21,20260930,6988050834436193396,245201,6231,20000,1,success
Shell Sort,1000,duplicate-heavy,22,20260930,7185496701003165959,11606,20073,4,1,success
Merge Sort,1000,duplicate-heavy,22,20260930,7185496701003165959,8694,19968,4000,1,success
Library Sort,1000,duplicate-heavy,22,20260930,7185496701003165959,236468,6231,20000,1,success
Shell Sort,1000,duplicate-heavy,23,20260930,15193111920206432629,11436,19888,4,1,success
Merge Sort,1000,duplicate-heavy,23,20260930,15193111920206432629,8661,19968,4000,1,success
Library Sort,1000,duplicate-heavy,23,20260930,15193111920206432629,243227,6210,20000,1,success
Shell Sort,1000,duplicate-heavy,24,20260930,18279379349412961549,11412,19900,4,1,success
Merge Sort,1000,duplicate-heavy,24,20260930,18279379349412961549,8616,19968,4000,1,success
Library Sort,1000,duplicate-heavy,24,20260930,18279379349412961549,237590,6384,20000,1,success
Shell Sort,1000,duplicate-heavy,25,20260930,18213617519080891550,11507,19950,4,1,success
Merge Sort,1000,duplicate-heavy,25,20260930,18213617519080891550,8647,19968,4000,1,success
Library Sort,1000,duplicate-heavy,25,20260930,18213617519080891550,246378,6116,20000,1,success
Shell Sort,1000,duplicate-heavy,26,20260930,13645600721969658876,11581,20083,4,1,success
Merge Sort,1000,duplicate-heavy,26,20260930,13645600721969658876,8661,19968,4000,1,success
Library Sort,1000,duplicate-heavy,26,20260930,13645600721969658876,226253,6127,20000,1,success
Shell Sort,1000,duplicate-heavy,27,20260930,13903547116814478321,11646,20114,4,1,success
Merge Sort,1000,duplicate-heavy,27,20260930,13903547116814478321,8648,19968,4000,1,success
Library Sort,1000,duplicate-heavy,27,20260930,13903547116814478321,233891,6327,20000,1,success
Shell Sort,1000,duplicate-heavy,28,20260930,17944364753309722731,11436,19899,4,1,success
Merge Sort,1000,duplicate-heavy,28,20260930,17944364753309722731,8616,19968,4000,1,success
Library Sort,1000,duplicate-heavy,28,20260930,17944364753309722731,238656,6409,20000,1,success
Shell Sort,1000,duplicate-heavy,29,20260930,2000600287970473094,11191,19654,4,1,success
Merge Sort,1000,duplicate-heavy,29,20260930,2000600287970473094,8679,19968,4000,1,success
Library Sort,1000,duplicate-heavy,29,20260930,2000600287970473094,245115,6536,20000,1,success
Shell Sort,2000,random,0,20260930,11099523220978474333,36149,55141,4,1,success
Merge Sort,2000,random,0,20260930,11099523220978474333,19407,43936,8000,1,success
Library Sort,2000,random,0,20260930,11099523220978474333,1041311,8925,40000,1,success
Shell Sort,2000,random,1,20260930,17113606792261237656,36471,55485,4,1,success
Merge Sort,2000,random,1,20260930,17113606792261237656,19440,43936,8000,1,success
Library Sort,2000,random,1,20260930,17113606792261237656,1020663,8956,40000,1,success
Shell Sort,2000,random,2,20260930,14485715238033196799,36565,55606,4,1,success
Merge Sort,2000,random,2,20260930,14485715238033196799,19469,43936,8000,1,success
Library Sort,2000,random,2,20260930,14485715238033196799,994627,8899,40000,1,success
Shell Sort,2000,random,3,20260930,2266317459386633608,35435,54462,4,1,success
Merge Sort,2000,random,3,20260930,2266317459386633608,19415,43936,8000,1,success
Library Sort,2000,random,3,20260930,2266317459386633608,1011114,8864,40000,1,success
Shell Sort,2000,random,4,20260930,14238056353296271755,35796,54813,4,1,success
Merge Sort,2000,random,4,20260930,14238056353296271755,19468,43936,8000,1,success
Library Sort,2000,random,4,20260930,14238056353296271755,1005184,8858,40000,1,success
Shell Sort,2000,random,5,20260930,292689427585721151,35715,54726,4,1,success
Merge Sort,2000,random,5,20260930,292689427585721151,19441,43936,8000,1,success
Library Sort,2000,random,5,20260930,292689427585721151,993654,8977,40000,1,success
Shell Sort,2000,random,6,20260930,13520622132739004614,36001,55023,4,1,success
Merge Sort,2000,random,6,20260930,13520622132739004614,19415,43936,8000,1,success
Library Sort,2000,random,6,20260930,13520622132739004614,1003366,8914,40000,1,success
Shell Sort,2000,random,7,20260930,6688738346945381491,36733,55704,4,1,success
Merge Sort,2000,random,7,20260930,6688738346945381491,19419,43936,8000,1,success
Library Sort,2000,random,7,20260930,6688738346945381491,1023729,8933,40000,1,success
Shell Sort,2000,random,8,20260930,7738464121462720069,36848,55844,4,1,success
Merge Sort,2000,random,8,20260930,7738464121462720069,19420,43936,8000,1,success
Library Sort,2000,random,8,20260930,7738464121462720069,1001589,8972,40000,1,success
Shell Sort,2000,random,9,20260930,3744908019913385764,36417,55403,4,1,success
Merge Sort,2000,random,9,20260930,3744908019913385764,19428,43936,8000,1,success
Library Sort,2000,random,9,20260930,3744908019913385764,1026661,8978,40000,1,success
Shell Sort,2000,random,10,20260930,2757007749921021152,36140,55183,4,1,success
Merge Sort,2000,random,10,20260930,2757007749921021152,19400,43936,8000,1,success
Library Sort,2000,random,10,20260930,2757007749921021152,1003753,8907,40000,1,success
Shell Sort,2000,random,11,20260930,6741505957010877398,35708,54764,4,1,success
Merge Sort,2000,random,11,20260930,6741505957010877398,19430,43936,8000,1,success
Library Sort,2000,random,11,20260930,6741505957010877398,983166,9026,40000,1,success
Shell Sort,2000,random,12,20260930,5913581167853767357,36493,55529,4,1,success
Merge Sort,2000,random,12,20260930,5913581167853767357,19436,43936,8000,1,success
Library Sort,2000,random,12,20260930,5913581167853767357,990914,8880,40000,1,success
Shell Sort,2000,random,13,20260930,10280389824166027610,35197,54208,4,1,success
Merge Sort,2000,random,13,20260930,10280389824166027610,19456,43936,8000,1,success
Library Sort,2000,random,13,20260930,10280389824166027610,999819,8969,40000,1,success
Shell Sort,2000,random,14,20260930,14726050679121264815,37734,56776,4,1,success
Merge Sort,2000,random,14,20260930,14726050679121264815,19529,43936,8000,1,success
Library Sort,2000,random,14,20260930,14726050679121264815,997625,8936,40000,1,success
Shell Sort,2000,random,15,20260930,14820265080099963810,36423,55419,4,1,success
Merge Sort,2000,random,15,20260930,14820265080099963810,19407,43936,8000,1,success
Library Sort,2000,random,15,20260930,14820265080099963810,1009349,8942,40000,1,success
Shell Sort,2000,random,16,20260930,10190195627351789025,34694,53711,4,1,success
Merge Sort,2000,random,16,20260930,10190195627351789025,19452,43936,8000,1,success
Library Sort,2000,random,16,20260930,10190195627351789025,1001721,8935,40000,1,success
Shell Sort,2000,random,17,20260930,13021453135085470643,36391,55417,4,1,success
Merge Sort,2000,random,17,20260930,13021453135085470643,19410,43936,8000,1,success
Library Sort,2000,random,17,20260930,13021453135085470643,1004147,9000,40000,1,success
Shell Sort,2000,random,18,20260930,13027212891677715356,38854,57869,4,1,success
Merge Sort,2000,random,18,20260930,13027212891677715356,19449,43936,8000,1,success
Library Sort,2000,random,18,20260930,13027212891677715356,1002084,8973,40000,1,success
Shell Sort,2000,random,19,20260930,5171673703221461847,36731,55735,4,1,success
Merge Sort,2000,random,19,20260930,5171673703221461847,19452,43936,8000,1,success
Library Sort,2000,random,19,20260930,5171673703221461847,1015220,8917,40000,1,success
Shell Sort,2000,random,20,20260930,2829649637406743412,35177,54210,4,1,success
Merge Sort,2000,random,20,20260930,2829649637406743412,19479,43936,8000,1,success
Library Sort,2000,random,20,20260930,2829649637406743412,1005277,8915,40000,1,success
Shell Sort,2000,random,21,20260930,15809417112841541154,37092,56155,4,1,success
Merge Sort,2000,random,21,20260930,15809417112841541154,19458,43936,8000,1,success
Library Sort,2000,random,21,20260930,15809417112841541154,982855,8884,40000,1,success
Shell Sort,2000,random,22,20260930,12617366123872406427,35676,54672,4,1,success
Merge Sort,2000,random,22,20260930,12617366123872406427,19424,43936,8000,1,success
Library Sort,2000,random,22,20260930,12617366123872406427,1000195,8952,40000,1,success
Shell Sort,2000,random,23,20260930,9862727056975536238,36486,55511,4,1,success
Merge Sort,2000,random,23,20260930,9862727056975536238,19436,43936,8000,1,success
Library Sort,2000,random,23,20260930,9862727056975536238,998601,8943,40000,1,success
Shell Sort,2000,random,24,20260930,15933566726257436749,35490,54504,4,1,success
Merge Sort,2000,random,24,20260930,15933566726257436749,19413,43936,8000,1,success
Library Sort,2000,random,24,20260930,15933566726257436749,1009901,9006,40000,1,success
Shell Sort,2000,random,25,20260930,3334974643019080070,36861,55931,4,1,success
Merge Sort,2000,random,25,20260930,3334974643019080070,19407,43936,8000,1,success
Library Sort,2000,random,25,20260930,3334974643019080070,975433,8960,40000,1,success
Shell Sort,2000,random,26,20260930,9964208573630349197,36543,55579,4,1,success
Merge Sort,2000,random,26,20260930,9964208573630349197,19452,43936,8000,1,success
Library Sort,2000,random,26,20260930,9964208573630349197,1000635,8840,40000,1,success
Shell Sort,2000,random,27,20260930,7973501440788154290,35239,54253,4,1,success
Merge Sort,2000,random,27,20260930,7973501440788154290,19471,43936,8000,1,success
Library Sort,2000,random,27,20260930,7973501440788154290,1027222,8965,40000,1,success
Shell Sort,2000,random,28,20260930,13516903365542609090,35487,54505,4,1,success
Merge Sort,2000,random,28,20260930,13516903365542609090,19439,43936,8000,1,success
Library Sort,2000,random,28,20260930,13516903365542609090,1005503,9013,40000,1,success
Shell Sort,2000,random,29,20260930,8797137417546185791,36407,55439,4,1,success
Merge Sort,2000,random,29,20260930,8797137417546185791,19461,43936,8000,1,success
Library Sort,2000,random,29,20260930,8797137417546185791,1000669,9042,40000,1,success
Shell Sort,2000,sorted,0,20260930,5111753533844295801,18006,36012,4,1,success
Merge Sort,2000,sorted,0,20260930,5111753533844295801,11104,43936,8000,1,success
Library Sort,2000,sorted,0,20260930,5111753533844295801,1999000,866625,40000,1,success
Shell Sort,2000,sorted,1,20260930,13909461039527143275,18006,36012,4,1,success
Merge Sort,2000,sorted,1,20260930,13909461039527143275,11104,43936,8000,1,success
Library Sort,2000,sorted,1,20260930,13909461039527143275,1999000,866625,40000,1,success
Shell Sort,2000,sorted,2,20260930,5521744632894598079,18006,36012,4,1,success
Merge Sort,2000,sorted,2,20260930,5521744632894598079,11104,43936,8000,1,success
Library Sort,2000,sorted,2,20260930,5521744632894598079,1999000,866625,40000,1,success
Shell Sort,2000,sorted,3,20260930,11077169580543044488,18006,36012,4,1,success
Merge Sort,2000,sorted,3,20260930,11077169580543044488,11104,43936,8000,1,success
Library Sort,2000,sorted,3,20260930,11077169580543044488,1999000,866625,40000,1,success
Shell Sort,2000,sorted,4,20260930,17276705450823776371,18006,36012,4,1,success
Merge Sort,2000,sorted,4,20260930,17276705450823776371,11104,43936,8000,1,success
Library Sort,2000,sorted,4,20260930,17276705450823776371,1999000,866625,40000,1,success
Shell Sort,2000,sorted,5,20260930,9981271555657794928,18006,36012,4,1,success
Merge Sort,2000,sorted,5,20260930,9981271555657794928,11104,43936,8000,1,success
Library Sort,2000,sorted,5,20260930,9981271555657794928,1999000,866625,40000,1,success
Shell Sort,2000,sorted,6,20260930,6831952677606525818,18006,36012,4,1,success
Merge Sort,2000,sorted,6,20260930,6831952677606525818,11104,43936,8000,1,success
Library Sort,2000,sorted,6,20260930,6831952677606525818,1999000,866625,40000,1,success
Shell Sort,2000,sorted,7,20260930,12341793962142523649,18006,36012,4,1,success
Merge Sort,2000,sorted,7,20260930,12341793962142523649,11104,43936,8000,1,success
Library Sort,2000,sorted,7,20260930,12341793962142523649,1999000,866625,40000,1,success
Shell Sort,2000,sorted,8,20260930,8651762288103486516,18006,36012,4,1,success
Merge Sort,2000,sorted,8,20260930,8651762288103486516,11104,43936,8000,1,success
Library Sort,2000,sorted,8,20260930,8651762288103486516,1999000,866625,40000,1,success
Shell Sort,2000,sorted,9,20260930,6837305453129441436,18006,36012,4,1,success
Merge Sort,2000,sorted,9,20260930,6837305453129441436,11104,43936,8000,1,success
Library Sort,2000,sorted,9,20260930,6837305453129441436,1999000,866625,40000,1,success
Shell Sort,2000,sorted,10,20260930,6320633761583013148,18006,36012,4,1,success
Merge Sort,2000,sorted,10,20260930,6320633761583013148,11104,43936,8000,1,success
Library Sort,2000,sorted,10,20260930,6320633761583013148,1999000,866625,40000,1,success
Shell Sort,2000,sorted,11,20260930,9739561237366136968,18006,36012,4,1,success
Merge Sort,2000,sorted,11,20260930,9739561237366136968,11104,43936,8000,1,success
Library Sort,2000,sorted,11,20260930,9739561237366136968,1999000,866625,40000,1,success
Shell Sort,2000,sorted,12,20260930,1045480697752317380,18006,36012,4,1,success
Merge Sort,2000,sorted,12,20260930,1045480697752317380,11104,43936,8000,1,success
Library Sort,2000,sorted,12,20260930,1045480697752317380,1999000,866625,40000,1,success
Shell Sort,2000,sorted,13,20260930,13315157601342144267,18006,36012,4,1,success
Merge Sort,2000,sorted,13,20260930,13315157601342144267,11104,43936,8000,1,success
Library Sort,2000,sorted,13,20260930,13315157601342144267,1999000,866625,40000,1,success
Shell Sort,2000,sorted,14,20260930,218797167555929790,18006,36012,4,1,success
Merge Sort,2000,sorted,14,20260930,218797167555929790,11104,43936,8000,1,success
Library Sort,2000,sorted,14,20260930,218797167555929790,1999000,866625,40000,1,success
Shell Sort,2000,sorted,15,20260930,10277529435624991285,18006,36012,4,1,success
Merge Sort,2000,sorted,15,20260930,10277529435624991285,11104,43936,8000,1,success
Library Sort,2000,sorted,15,20260930,10277529435624991285,1999000,866625,40000,1,success
Shell Sort,2000,sorted,16,20260930,13595904327208774969,18006,36012,4,1,success
Merge Sort,2000,sorted,16,20260930,13595904327208774969,11104,43936,8000,1,success
Library Sort,2000,sorted,16,20260930,13595904327208774969,1999000,866625,40000,1,success
Shell Sort,2000,sorted,17,20260930,13139260669295251901,18006,36012,4,1,success
Merge Sort,2000,sorted,17,20260930,13139260669295251901,11104,43936,8000,1,success
Library Sort,2000,sorted,17,20260930,13139260669295251901,1999000,866625,40000,1,success
Shell Sort,2000,sorted,18,20260930,17530400507841721482,18006,36012,4,1,success
Merge Sort,2000,sorted,18,20260930,17530400507841721482,11104,43936,8000,1,success
Library Sort,2000,sorted,18,20260930,17530400507841721482,1999000,866625,40000,1,success
Shell Sort,2000,sorted,19,20260930,6888418390543653280,18006,36012,4,1,success
Merge Sort,2000,sorted,19,20260930,6888418390543653280,11104,43936,8000,1,success
Library Sort,2000,sorted,19,20260930,6888418390543653280,1999000,866625,40000,1,success
Shell Sort,2000,sorted,20,20260930,7139529215900154739,18006,36012,4,1,success
Merge Sort,2000,sorted,20,20260930,7139529215900154739,11104,43936,8000,1,success
Library Sort,2000,sorted,20,20260930,7139529215900154739,1999000,866625,40000,1,success
Shell Sort,2000,sorted,21,20260930,9525007725783867260,18006,36012,4,1,success
Merge Sort,2000,sorted,21,20260930,9525007725783867260,11104,43936,8000,1,success
Library Sort,2000,sorted,21,20260930,9525007725783867260,1999000,866625,40000,1,success
Shell Sort,2000,sorted,22,20260930,5663042052847974421,18006,36012,4,1,success
Merge Sort,2000,sorted,22,20260930,5663042052847974421,11104,43936,8000,1,success
Library Sort,2000,sorted,22,20260930,5663042052847974421,1999000,866625,40000,1,success
Shell Sort,2000,sorted,23,20260930,14728605385686400315,18006,36012,4,1,success
Merge Sort,2000,sorted,23,20260930,14728605385686400315,11104,43936,8000,1,success
Library Sort,2000,sorted,23,20260930,14728605385686400315,1999000,866625,40000,1,success
Shell Sort,2000,sorted,24,20260930,5787941054871880187,18006,36012,4,1,success
Merge Sort,2000,sorted,24,20260930,5787941054871880187,11104,43936,8000,1,success
Library Sort,2000,sorted,24,20260930,5787941054871880187,1999000,866625,40000,1,success
Shell Sort,2000,sorted,25,20260930,9405088957093631842,18006,36012,4,1,success
Merge Sort,2000,sorted,25,20260930,9405088957093631842,11104,43936,8000,1,success
Library Sort,2000,sorted,25,20260930,9405088957093631842,1999000,866625,40000,1,success
Shell Sort,2000,sorted,26,20260930,7107433771344374256,18006,36012,4,1,success
Merge Sort,2000,sorted,26,20260930,7107433771344374256,11104,43936,8000,1,success
Library Sort,2000,sorted,26,20260930,7107433771344374256,1999000,866625,40000,1,success
Shell Sort,2000,sorted,27,20260930,10818852830023870912,18006,36012,4,1,success
Merge Sort,2000,sorted,27,20260930,10818852830023870912,11104,43936,8000,1,success
Library Sort,2000,sorted,27,20260930,10818852830023870912,1999000,866625,40000,1,success
Shell Sort,2000,sorted,28,20260930,17427881253990399010,18006,36012,4,1,success
Merge Sort,2000,sorted,28,20260930,17427881253990399010,11104,43936,8000,1,success
Library Sort,2000,sorted,28,20260930,17427881253990399010,1999000,866625,40000,1,success
Shell Sort,2000,sorted,29,20260930,3494196491547103081,18006,36012,4,1,success
Merge Sort,2000,sorted,29,20260930,3494196491547103081,11104,43936,8000,1,success
Library Sort,2000,sorted,29,20260930,3494196491547103081,1999000,866625,40000,1,success
Shell Sort,2000,reverse,0,20260930,15746265994148848263,26416,46412,4,1,success
Merge Sort,2000,reverse,0,20260930,15746265994148848263,10864,43936,8000,1,success
Library Sort,2000,reverse,0,20260930,15746265994148848263,1999,835293,40000,1,success
Shell Sort,2000,reverse,1,20260930,2916014400694827037,26416,46412,4,1,success
Merge Sort,2000,reverse,1,20260930,2916014400694827037,10864,43936,8000,1,success
Library Sort,2000,reverse,1,20260930,2916014400694827037,1999,835293,40000,1,success
Shell Sort,2000,reverse,2,20260930,3007221964373410686,26416,46412,4,1,success
Merge Sort,2000,reverse,2,20260930,3007221964373410686,10864,43936,8000,1,success
Library Sort,2000,reverse,2,20260930,3007221964373410686,1999,835293,40000,1,success
Shell Sort,2000,reverse,3,20260930,3388478737077116473,26416,46412,4,1,success
Merge Sort,2000,reverse,3,20260930,3388478737077116473,10864,43936,8000,1,success
Library Sort,2000,reverse,3,20260930,3388478737077116473,1999,835293,40000,1,success
Shell Sort,2000,reverse,4,20260930,2077318794164032747,26416,46412,4,1,success
Merge Sort,2000,reverse,4,20260930,2077318794164032747,10864,43936,8000,1,success
Library Sort,2000,reverse,4,20260930,2077318794164032747,1999,835293,40000,1,success
Shell Sort,2000,reverse,5,20260930,7189308308674030305,26416,46412,4,1,success
Merge Sort,2000,reverse,5,20260930,7189308308674030305,10864,43936,8000,1,success
Library Sort,2000,reverse,5,20260930,7189308308674030305,1999,835293,40000,1,success
Shell Sort,2000,reverse,6,20260930,7678828746912053643,26416,46412,4,1,success
Merge Sort,2000,reverse,6,20260930,7678828746912053643,10864,43936,8000,1,success
Library Sort,2000,reverse,6,20260930,7678828746912053643,1999,835293,40000,1,success
Shell Sort,2000,reverse,7,20260930,958244858133868912,26416,46412,4,1,success
Merge Sort,2000,reverse,7,20260930,958244858133868912,10864,43936,8000,1,success
Library Sort,2000,reverse,7,20260930,958244858133868912,1999,835293,40000,1,success
Shell Sort,2000,reverse,8,20260930,15417704911099193669,26416,46412,4,1,success
Merge Sort,2000,reverse,8,20260930,15417704911099193669,10864,43936,8000,1,success
Library Sort,2000,reverse,8,20260930,15417704911099193669,1999,835293,40000,1,success
Shell Sort,2000,reverse,9,20260930,8923699488580727803,26416,46412,4,1,success
Merge Sort,2000,reverse,9,20260930,8923699488580727803,10864,43936,8000,1,success
Library Sort,2000,reverse,9,20260930,8923699488580727803,1999,835293,40000,1,success
Shell Sort,2000,reverse,10,20260930,17411112271951353135,26416,46412,4,1,success
Merge Sort,2000,reverse,10,20260930,17411112271951353135,10864,43936,8000,1,success
Library Sort,2000,reverse,10,20260930,17411112271951353135,1999,835293,40000,1,success
Shell Sort,2000,reverse,11,20260930,11054597815966180553,26416,46412,4,1,success
Merge Sort,2000,reverse,11,20260930,11054597815966180553,10864,43936,8000,1,success
Library Sort,2000,reverse,11,20260930,11054597815966180553,1999,835293,40000,1,success
Shell Sort,2000,reverse,12,20260930,4457604418809240731,26416,46412,4,1,success
Merge Sort,2000,reverse,12,20260930,4457604418809240731,10864,43936,8000,1,success
Library Sort,2000,reverse,12,20260930,4457604418809240731,1999,835293,40000,1,success
Shell Sort,2000,reverse,13,20260930,15284160992182366236,26416,46412,4,1,success
Merge Sort,2000,reverse,13,20260930,15284160992182366236,10864,43936,8000,1,success
Library Sort,2000,reverse,13,20260930,15284160992182366236,1999,835293,40000,1,success
Shell Sort,2000,reverse,14,20260930,489703899433907874,26416,46412,4,1,success
Merge Sort,2000,reverse,14,20260930,489703899433907874,10864,43936,8000,1,success
Library Sort,2000,reverse,14,20260930,489703899433907874,1999,835293,40000,1,success
Shell Sort,2000,reverse,15,20260930,15358610145433903554,26416,46412,4,1,success
Merge Sort,2000,reverse,15,20260930,15358610145433903554,10864,43936,8000,1,success
Library Sort,2000,reverse,15,20260930,15358610145433903554,1999,835293,40000,1,success
Shell Sort,2000,reverse,16,20260930,4706184012619333686,26416,46412,4,1,success
Merge Sort,2000,reverse,16,20260930,4706184012619333686,10864,43936,8000,1,success
Library Sort,2000,reverse,16,20260930,4706184012619333686,1999,835293,40000,1,success
Shell Sort,2000,reverse,17,20260930,13418872877217565617,26416,46412,4,1,success
Merge Sort,2000,reverse,17,20260930,13418872877217565617,10864,43936,8000,1,success
Library Sort,2000,reverse,17,20260930,13418872877217565617,1999,835293,40000,1,success
Shell Sort,2000,reverse,18,20260930,7188442688682146023,26416,46412,4,1,success
Merge Sort,2000,reverse,18,20260930,7188442688682146023,10864,43936,8000,1,success
Library Sort,2000,reverse,18,20260930,7188442688682146023,1999,835293,40000,1,success
Shell Sort,2000,reverse,19,20260930,1616719423431961473,26416,46412,4,1,success
Merge Sort,2000,reverse,19,20260930,1616719423431961473,10864,43936,8000,1,success
Library Sort,2000,reverse,19,20260930,1616719423431961473,1999,835293,40000,1,success
Shell Sort,2000,reverse,20,20260930,13135577861528762950,26416,46412,4,1,success
Merge Sort,2000,reverse,20,20260930,13135577861528762950,10864,43936,8000,1,success
Library Sort,2000,reverse,20,20260930,13135577861528762950,1999,835293,40000,1,success
Shell Sort,2000,reverse,21,20260930,8973467496181057768,26416,46412,4,1,success
Merge Sort,2000,reverse,21,20260930,8973467496181057768,10864,43936,8000,1,success
Library Sort,2000,reverse,21,20260930,8973467496181057768,1999,835293,40000,1,success
Shell Sort,2000,reverse,22,20260930,10335618325929357022,26416,46412,4,1,success
Merge Sort,2000,reverse,22,20260930,10335618325929357022,10864,43936,8000,1,success
Library Sort,2000,reverse,22,20260930,10335618325929357022,1999,835293,40000,1,success
Shell Sort,2000,reverse,23,20260930,9012375890916708112,26416,46412,4,1,success
Merge Sort,2000,reverse,23,20260930,9012375890916708112,10864,43936,8000,1,success
Library Sort,2000,reverse,23,20260930,9012375890916708112,1999,835293,40000,1,success
Shell Sort,2000,reverse,24,20260930,4159970359697399868,26416,46412,4,1,success
Merge Sort,2000,reverse,24,20260930,4159970359697399868,10864,43936,8000,1,success
Library Sort,2000,reverse,24,20260930,4159970359697399868,1999,835293,40000,1,success
Shell Sort,2000,reverse,25,20260930,10321612979861859266,26416,46412,4,1,success
Merge Sort,2000,reverse,25,20260930,10321612979861859266,10864,43936,8000,1,success
Library Sort,2000,reverse,25,20260930,10321612979861859266,1999,835293,40000,1,success
Shell Sort,2000,reverse,26,20260930,11906100393140962261,26416,46412,4,1,success
Merge Sort,2000,reverse,26,20260930,11906100393140962261,10864,43936,8000,1,success
Library Sort,2000,reverse,26,20260930,11906100393140962261,1999,835293,40000,1,success
Shell Sort,2000,reverse,27,20260930,9587076920450136994,26416,46412,4,1,success
Merge Sort,2000,reverse,27,20260930,9587076920450136994,10864,43936,8000,1,success
Library Sort,2000,reverse,27,20260930,9587076920450136994,1999,835293,40000,1,success
Shell Sort,2000,reverse,28,20260930,781656745226822013,26416,46412,4,1,success
Merge Sort,2000,reverse,28,20260930,781656745226822013,10864,43936,8000,1,success
Library Sort,2000,reverse,28,20260930,781656745226822013,1999,835293,40000,1,success
Shell Sort,2000,reverse,29,20260930,10251062508145069229,26416,46412,4,1,success
Merge Sort,2000,reverse,29,20260930,10251062508145069229,10864,43936,8000,1,success
Library Sort,2000,reverse,29,20260930,10251062508145069229,1999,835293,40000,1,success
Shell Sort,2000,duplicate-heavy,0,20260930,9366507311664551272,26487,45414,4,1,success
Merge Sort,2000,duplicate-heavy,0,20260930,9366507311664551272,19270,43936,8000,1,success
Library Sort,2000,duplicate-heavy,0,20260930,9366507311664551272,946641,17240,40000,1,success
Shell Sort,2000,duplicate-heavy,1,20260930,15412835508824563889,25147,44096,4,1,success
Merge Sort,2000,duplicate-heavy,1,20260930,15412835508824563889,19220,43936,8000,1,success
Library Sort,2000,duplicate-heavy,1,20260930,15412835508824563889,944325,17202,40000,1,success
Shell Sort,2000,duplicate-heavy,2,20260930,3270769639926914526,25929,44820,4,1,success
Merge Sort,2000,duplicate-heavy,2,20260930,3270769639926914526,19200,43936,8000,1,success
Library Sort,2000,duplicate-heavy,2,20260930,3270769639926914526,948885,18144,40000,1,success
Shell Sort,2000,duplicate-heavy,3,20260930,6227113822746400771,25744,44646,4,1,success
Merge Sort,2000,duplicate-heavy,3,20260930,6227113822746400771,19192,43936,8000,1,success
Library Sort,2000,duplicate-heavy,3,20260930,6227113822746400771,965368,17625,40000,1,success
Shell Sort,2000,duplicate-heavy,4,20260930,16071163305956603236,25785,44716,4,1,success
Merge Sort,2000,duplicate-heavy,4,20260930,16071163305956603236,19294,43936,8000,1,success
Library Sort,2000,duplicate-heavy,4,20260930,16071163305956603236,937567,18189,40000,1,success
Shell Sort,2000,duplicate-heavy,5,20260930,11297322803683336231,26075,44995,4,1,success
Merge Sort,2000,duplicate-heavy,5,20260930,11297322803683336231,19240,43936,8000,1,success
Library Sort,2000,duplicate-heavy,5,20260930,11297322803683336231,936687,17128,40000,1,success
Shell Sort,2000,duplicate-heavy,6,20260930,3538805002505114149,26207,45120,4,1,success
Merge Sort,2000,duplicate-heavy,6,20260930,3538805002505114149,19260,43936,8000,1,success
Library Sort,2000,duplicate-heavy,6,20260930,3538805002505114149,938370,18287,40000,1,success
Shell Sort,2000,duplicate-heavy,7,20260930,11098489345026837668,26440,45323,4,1,success
Merge Sort,2000,duplicate-heavy,7,20260930,11098489345026837668,19236,43936,8000,1,success
Library Sort,2000,duplicate-heavy,7,20260930,11098489345026837668,961330,17760,40000,1,success
Shell Sort,2000,duplicate-heavy,8,20260930,15950915713136564636,25425,44344,4,1,success
Merge Sort,2000,duplicate-heavy,8,20260930,15950915713136564636,19285,43936,8000,1,success
Library Sort,2000,duplicate-heavy,8,20260930,15950915713136564636,952243,18241,40000,1,success
Shell Sort,2000,duplicate-heavy,9,20260930,1509622201825897896,25448,44361,4,1,success
Merge Sort,2000,duplicate-heavy,9,20260930,1509622201825897896,19241,43936,8000,1,success
Library Sort,2000,duplicate-heavy,9,20260930,1509622201825897896,932637,17741,40000,1,success
Shell Sort,2000,duplicate-heavy,10,20260930,13303642218710763171,25047,43966,4,1,success
Merge Sort,2000,duplicate-heavy,10,20260930,13303642218710763171,19278,43936,8000,1,success
Library Sort,2000,duplicate-heavy,10,20260930,13303642218710763171,941844,17431,40000,1,success
Shell Sort,2000,duplicate-heavy,11,20260930,301837342528862981,26299,45174,4,1,success
Merge Sort,2000,duplicate-heavy,11,20260930,301837342528862981,19236,43936,8000,1,success
Library Sort,2000,duplicate-heavy,11,20260930,301837342528862981,951573,17509,40000,1,success
Shell Sort,2000,duplicate-heavy,12,20260930,14489916465558286203,26553,45493,4,1,success
Merge Sort,2000,duplicate-heavy,12,20260930,14489916465558286203,19182,43936,8000,1,success
Library Sort,2000,duplicate-heavy,12,20260930,14489916465558286203,933346,17286,40000,1,success
Shell Sort,2000,duplicate-heavy,13,20260930,11087022097142504213,26360,45273,4,1,success
Merge Sort,2000,duplicate-heavy,13,20260930,11087022097142504213,19236,43936,8000,1,success
Library Sort,2000,duplicate-heavy,13,20260930,11087022097142504213,933094,17931,40000,1,success
Shell Sort,2000,duplicate-heavy,14,20260930,15250242217551754487,25943,44854,4,1,success
Merge Sort,2000,duplicate-heavy,14,20260930,15250242217551754487,19248,43936,8000,1,success
Library Sort,2000,duplicate-heavy,14,20260930,15250242217551754487,951409,17243,40000,1,success
Shell Sort,2000,duplicate-heavy,15,20260930,2979026892342952833,25051,43943,4,1,success
Merge Sort,2000,duplicate-heavy,15,20260930,2979026892342952833,19232,43936,8000,1,success
Library Sort,2000,duplicate-heavy,15,20260930,2979026892342952833,950424,17676,40000,1,success
Shell Sort,2000,duplicate-heavy,16,20260930,5991393832456643405,25539,44399,4,1,success
Merge Sort,2000,duplicate-heavy,16,20260930,5991393832456643405,19229,43936,8000,1,success
Library Sort,2000,duplicate-heavy,16,20260930,5991393832456643405,975307,18248,40000,1,success
Shell Sort,2000,duplicate-heavy,17,20260930,7267465960371011787,26220,45105,4,1,success
Merge Sort,2000,duplicate-heavy,17,20260930,7267465960371011787,19153,43936,8000,1,success
Library Sort,2000,duplicate-heavy,17,20260930,7267465960371011787,971293,17961,40000,1,success
Shell Sort,2000,duplicate-heavy,18,20260930,1035134094541892366,25566,44467,4,1,success
Merge Sort,2000,duplicate-heavy,18,20260930,1035134094541892366,19290,43936,8000,1,success
Library Sort,2000,duplicate-heavy,18,20260930,1035134094541892366,954839,17722,40000,1,success
Shell Sort,2000,duplicate-heavy,19,20260930,9740689969811455371,25101,44003,4,1,success
Merge Sort,2000,duplicate-heavy,19,20260930,9740689969811455371,19217,43936,8000,1,success
Library Sort,2000,duplicate-heavy,19,20260930,9740689969811455371,971500,17591,40000,1,success
Shell Sort,2000,duplicate-heavy,20,20260930,6806611048606724930,26130,45048,4,1,success
Merge Sort,2000,duplicate-heavy,20,20260930,6806611048606724930,19185,43936,8000,1,success
Library Sort,2000,duplicate-heavy,20,20260930,6806611048606724930,961676,17466,40000,1,success
Shell Sort,2000,duplicate-heavy,21,20260930,8857587961965573602,25417,44333,4,1,success
Merge Sort,2000,duplicate-heavy,21,20260930,8857587961965573602,19228,43936,8000,1,success
Library Sort,2000,duplicate-heavy,21,20260930,8857587961965573602,953862,17764,40000,1,success
Shell Sort,2000,duplicate-heavy,22,20260930,9272250558305841014,24967,43865,4,1,success
Merge Sort,2000,duplicate-heavy,22,20260930,9272250558305841014,19310,43936,8000,1,success
Library Sort,2000,duplicate-heavy,22,20260930,9272250558305841014,947691,17207,40000,1,success
Shell Sort,2000,duplicate-heavy,23,20260930,5900189381599811725,25662,44586,4,1,success
Merge Sort,2000,duplicate-heavy,23,20260930,5900189381599811725,19215,43936,8000,1,success
Library Sort,2000,duplicate-heavy,23,20260930,5900189381599811725,945981,17618,40000,1,success
Shell Sort,2000,duplicate-heavy,24,20260930,6554839830158919698,25875,44776,4,1,success
Merge Sort,2000,duplicate-heavy,24,20260930,6554839830158919698,19209,43936,8000,1,success
Library Sort,2000,duplicate-heavy,24,20260930,6554839830158919698,936883,17463,40000,1,success
Shell Sort,2000,duplicate-heavy,25,20260930,15081955156909827816,25907,44827,4,1,success
Merge Sort,2000,duplicate-heavy,25,20260930,15081955156909827816,19320,43936,8000,1,success
Library Sort,2000,duplicate-heavy,25,20260930,15081955156909827816,940354,18020,40000,1,success
Shell Sort,2000,duplicate-heavy,26,20260930,12891286477452204993,26297,45167,4,1,success
Merge Sort,2000,duplicate-heavy,26,20260930,12891286477452204993,19224,43936,8000,1,success
Library Sort,2000,duplicate-heavy,26,20260930,12891286477452204993,966466,18095,40000,1,success
Shell Sort,2000,duplicate-heavy,27,20260930,4428042613929355038,25323,44211,4,1,success
Merge Sort,2000,duplicate-heavy,27,20260930,4428042613929355038,19245,43936,8000,1,success
Library Sort,2000,duplicate-heavy,27,20260930,4428042613929355038,962174,16861,40000,1,success
Shell Sort,2000,duplicate-heavy,28,20260930,4368168939663763750,25664,44566,4,1,success
Merge Sort,2000,duplicate-heavy,28,20260930,4368168939663763750,19197,43936,8000,1,success
Library Sort,2000,duplicate-heavy,28,20260930,4368168939663763750,962767,17592,40000,1,success
Shell Sort,2000,duplicate-heavy,29,20260930,7240194330877415694,25539,44446,4,1,success
Merge Sort,2000,duplicate-heavy,29,20260930,7240194330877415694,19246,43936,8000,1,success
Library Sort,2000,duplicate-heavy,29,20260930,7240194330877415694,966977,17787,40000,1,success
Shell Sort,5000,random,0,20260930,11876310279690454910,116164,173729,4,1,success
Merge Sort,5000,random,0,20260930,11876310279690454910,56801,126320,20000,1,success
Library Sort,5000,random,0,20260930,11876310279690454910,6301076,28167,100000,1,success
Shell Sort,5000,random,1,20260930,12661593538043065645,111348,168923,4,1,success
Merge Sort,5000,random,1,20260930,12661593538043065645,56839,126320,20000,1,success
Library Sort,5000,random,1,20260930,12661593538043065645,6257802,28240,100000,1,success
Shell Sort,5000,random,2,20260930,1405040189354895186,115835,173372,4,1,success
Merge Sort,5000,random,2,20260930,1405040189354895186,56840,126320,20000,1,success
Library Sort,5000,random,2,20260930,1405040189354895186,6374725,28173,100000,1,success
Shell Sort,5000,random,3,20260930,7495205510416421829,114199,171775,4,1,success
Merge Sort,5000,random,3,20260930,7495205510416421829,56805,126320,20000,1,success
Library Sort,5000,random,3,20260930,7495205510416421829,6160081,28161,100000,1,success
Shell Sort,5000,random,4,20260930,9399640198041837688,117603,175154,4,1,success
Merge Sort,5000,random,4,20260930,9399640198041837688,56783,126320,20000,1,success
Library Sort,5000,random,4,20260930,9399640198041837688,6296054,28111,100000,1,success
Shell Sort,5000,random,5,20260930,12198417297005992226,118529,176153,4,1,success
Merge Sort,5000,random,5,20260930,12198417297005992226,56748,126320,20000,1,success
Library Sort,5000,random,5,20260930,12198417297005992226,6204039,28042,100000,1,success
Shell Sort,5000,random,6,20260930,12883048747369817972,118181,175746,4,1,success
Merge Sort,5000,random,6,20260930,12883048747369817972,56807,126320,20000,1,success
Library Sort,5000,random,6,20260930,12883048747369817972,6299735,28211,100000,1,success
Shell Sort,5000,random,7,20260930,4038124144861997005,112032,169574,4,1,success
Merge Sort,5000,random,7,20260930,4038124144861997005,56878,126320,20000,1,success
Library Sort,5000,random,7,20260930,4038124144861997005,6321128,28236,100000,1,success
Shell Sort,5000,random,8,20260930,4877423734329586070,112977,170604,4,1,success
Merge Sort,5000,random,8,20260930,4877423734329586070,56879,126320,20000,1,success
Library Sort,5000,random,8,20260930,4877423734329586070,6264748,28187,100000,1,success
Shell Sort,5000,random,9,20260930,17756958330272957053,119616,177125,4,1,success
Merge Sort,5000,random,9,20260930,17756958330272957053,56852,126320,20000,1,success
Library Sort,5000,random,9,20260930,17756958330272957053,6346242,28143,100000,1,success
Shell Sort,5000,random,10,20260930,18126476071044201827,111281,168867,4,1,success
Merge Sort,5000,random,10,20260930,18126476071044201827,56819,126320,20000,1,success
Library Sort,5000,random,10,20260930,18126476071044201827,6197613,28160,100000,1,success
Shell Sort,5000,random,11,20260930,252114989903556899,113764,171294,4,1,success
Merge Sort,5000,random,11,20260930,252114989903556899,56854,126320,20000,1,success
Library Sort,5000,random,11,20260930,252114989903556899,6319824,28084,100000,1,success
Shell Sort,5000,random,12,20260930,6345122003525909990,110533,168131,4,1,success
Merge Sort,5000,random,12,20260930,6345122003525909990,56803,126320,20000,1,success
Library Sort,5000,random,12,20260930,6345122003525909990,6278537,28163,100000,1,success
Shell Sort,5000,random,13,20260930,14792164200572528994,113962,171627,4,1,success
Merge Sort,5000,random,13,20260930,14792164200572528994,56837,126320,20000,1,success
Library Sort,5000,random,13,20260930,14792164200572528994,6235692,28156,100000,1,success
Shell Sort,5000,random,14,20260930,9035908402023622109,112426,169999,4,1,success
Merge Sort,5000,random,14,20260930,9035908402023622109,56795,126320,20000,1,success
Library Sort,5000,random,14,20260930,9035908402023622109,6210914,28099,100000,1,success
Shell Sort,5000,random,15,20260930,16765595012150066579,114620,172150,4,1,success
Merge Sort,5000,random,15,20260930,16765595012150066579,56816,126320,20000,1,success
Library Sort,5000,random,15,20260930,16765595012150066579,6338245,28176,100000,1,success
Shell Sort,5000,random,16,20260930,4619211465521601280,114688,172307,4,1,success
Merge Sort,5000,random,16,20260930,4619211465521601280,56844,126320,20000,1,success
Library Sort,5000,random,16,20260930,4619211465521601280,6242807,28145,100000,1,success
Shell Sort,5000,random,17,20260930,16820471287628567586,112155,169748,4,1,success
Merge Sort,5000,random,17,20260930,16820471287628567586,56749,126320,20000,1,success
Library Sort,5000,random,17,20260930,16820471287628567586,6327797,28064,100000,1,success
Shell Sort,5000,random,18,20260930,9622469047592621125,117521,175114,4,1,success
Merge Sort,5000,random,18,20260930,9622469047592621125,56822,126320,20000,1,success
Library Sort,5000,random,18,20260930,9622469047592621125,6304039,28259,100000,1,success
Shell Sort,5000,random,19,20260930,9085397466833857647,114637,172321,4,1,success
Merge Sort,5000,random,19,20260930,9085397466833857647,56846,126320,20000,1,success
Library Sort,5000,random,19,20260930,9085397466833857647,6149854,28073,100000,1,success
Shell Sort,5000,random,20,20260930,13547357071955707979,113262,170877,4,1,success
Merge Sort,5000,random,20,20260930,13547357071955707979,56862,126320,20000,1,success
Library Sort,5000,random,20,20260930,13547357071955707979,6234523,28306,100000,1,success
Shell Sort,5000,random,21,20260930,1335250770538440910,114561,172156,4,1,success
Merge Sort,5000,random,21,20260930,1335250770538440910,56918,126320,20000,1,success
Library Sort,5000,random,21,20260930,1335250770538440910,6206039,28141,100000,1,success
Shell Sort,5000,random,22,20260930,320746976528668315,112953,170573,4,1,success
Merge Sort,5000,random,22,20260930,320746976528668315,56851,126320,20000,1,success
Library Sort,5000,random,22,20260930,320746976528668315,6255068,28095,100000,1,success
Shell Sort,5000,random,23,20260930,6973550297179791602,108296,165869,4,1,success
Merge Sort,5000,random,23,20260930,6973550297179791602,56835,126320,20000,1,success
Library Sort,5000,random,23,20260930,6973550297179791602,6300286,28269,100000,1,success
Shell Sort,5000,random,24,20260930,16661853394486877256,114058,171676,4,1,success
Merge Sort,5000,random,24,20260930,16661853394486877256,56812,126320,20000,1,success
Library Sort,5000,random,24,20260930,16661853394486877256,6263271,28231,100000,1,success
Shell Sort,5000,random,25,20260930,8496080885057936981,113947,171541,4,1,success
Merge Sort,5000,random,25,20260930,8496080885057936981,56815,126320,20000,1,success
Library Sort,5000,random,25,20260930,8496080885057936981,6254988,28083,100000,1,success
Shell Sort,5000,random,26,20260930,5022786570981719210,114912,172503,4,1,success
Merge Sort,5000,random,26,20260930,5022786570981719210,56806,126320,20000,1,success
Library Sort,5000,random,26,20260930,5022786570981719210,6258706,28157,100000,1,success
Shell Sort,5000,random,27,20260930,18370087798504191759,112764,170315,4,1,success
Merge Sort,5000,random,27,20260930,18370087798504191759,56859,126320,20000,1,success
Library Sort,5000,random,27,20260930,18370087798504191759,6253157,28338,100000,1,success
Shell Sort,5000,random,28,20260930,16003328960679507181,110267,167911,4,1,success
Merge Sort,5000,random,28,20260930,16003328960679507181,56777,126320,20000,1,success
Library Sort,5000,random,28,20260930,16003328960679507181,6220782,28091,100000,1,success
Shell Sort,5000,random,29,20260930,1211413294132111001,117386,174979,4,1,success
Merge Sort,5000,random,29,20260930,1211413294132111001,56769,126320,20000,1,success
Library Sort,5000,random,29,20260930,1211413294132111001,6117175,28055,100000,1,success
Shell Sort,5000,sorted,0,20260930,11942772381425118448,55005,110010,4,1,success
Merge Sort,5000,sorted,0,20260930,11942772381425118448,33356,126320,20000,1,success
Library Sort,5000,sorted,0,20260930,11942772381425118448,12497500,4329204,100000,1,success
Shell Sort,5000,sorted,1,20260930,14754097549062605967,55005,110010,4,1,success
Merge Sort,5000,sorted,1,20260930,14754097549062605967,33356,126320,20000,1,success
Library Sort,5000,sorted,1,20260930,14754097549062605967,12497500,4329204,100000,1,success
Shell Sort,5000,sorted,2,20260930,5840975937703240841,55005,110010,4,1,success
Merge Sort,5000,sorted,2,20260930,5840975937703240841,33356,126320,20000,1,success
Library Sort,5000,sorted,2,20260930,5840975937703240841,12497500,4329204,100000,1,success
Shell Sort,5000,sorted,3,20260930,13960546994082808894,55005,110010,4,1,success
Merge Sort,5000,sorted,3,20260930,13960546994082808894,33356,126320,20000,1,success
Library Sort,5000,sorted,3,20260930,13960546994082808894,12497500,4329204,100000,1,success
Shell Sort,5000,sorted,4,20260930,16695727055349969570,55005,110010,4,1,success
Merge Sort,5000,sorted,4,20260930,16695727055349969570,33356,126320,20000,1,success
Library Sort,5000,sorted,4,20260930,16695727055349969570,12497500,4329204,100000,1,success
Shell Sort,5000,sorted,5,20260930,17459783404293033931,55005,110010,4,1,success
Merge Sort,5000,sorted,5,20260930,17459783404293033931,33356,126320,20000,1,success
Library Sort,5000,sorted,5,20260930,17459783404293033931,12497500,4329204,100000,1,success
Shell Sort,5000,sorted,6,20260930,3431124670855106900,55005,110010,4,1,success
Merge Sort,5000,sorted,6,20260930,3431124670855106900,33356,126320,20000,1,success
Library Sort,5000,sorted,6,20260930,3431124670855106900,12497500,4329204,100000,1,success
Shell Sort,5000,sorted,7,20260930,5207636977695850455,55005,110010,4,1,success
Merge Sort,5000,sorted,7,20260930,5207636977695850455,33356,126320,20000,1,success
Library Sort,5000,sorted,7,20260930,5207636977695850455,12497500,4329204,100000,1,success
Shell Sort,5000,sorted,8,20260930,16083725878794260244,55005,110010,4,1,success
Merge Sort,5000,sorted,8,20260930,16083725878794260244,33356,126320,20000,1,success
Library Sort,5000,sorted,8,20260930,16083725878794260244,12497500,4329204,100000,1,success
Shell Sort,5000,sorted,9,20260930,9377956053150376072,55005,110010,4,1,success
Merge Sort,5000,sorted,9,20260930,9377956053150376072,33356,126320,20000,1,success
Library Sort,5000,sorted,9,20260930,9377956053150376072,12497500,4329204,100000,1,success
Shell Sort,5000,sorted,10,20260930,10827350485675273911,55005,110010,4,1,success
Merge Sort,5000,sorted,10,20260930,10827350485675273911,33356,126320,20000,1,success
Library Sort,5000,sorted,10,20260930,10827350485675273911,12497500,4329204,100000,1,success
Shell Sort,5000,sorted,11,20260930,7255254833187251438,55005,110010,4,1,success
Merge Sort,5000,sorted,11,20260930,7255254833187251438,33356,126320,20000,1,success
Library Sort,5000,sorted,11,20260930,7255254833187251438,12497500,4329204,100000,1,success
Shell Sort,5000,sorted,12,20260930,17218868180641415406,55005,110010,4,1,success
Merge Sort,5000,sorted,12,20260930,17218868180641415406,33356,126320,20000,1,success
Library Sort,5000,sorted,12,20260930,17218868180641415406,12497500,4329204,100000,1,success
Shell Sort,5000,sorted,13,20260930,17661187075275223654,55005,110010,4,1,success
Merge Sort,5000,sorted,13,20260930,17661187075275223654,33356,126320,20000,1,success
Library Sort,5000,sorted,13,20260930,17661187075275223654,12497500,4329204,100000,1,success
Shell Sort,5000,sorted,14,20260930,8194228416966134554,55005,110010,4,1,success
Merge Sort,5000,sorted,14,20260930,8194228416966134554,33356,126320,20000,1,success
Library Sort,5000,sorted,14,20260930,8194228416966134554,12497500,4329204,100000,1,success
Shell Sort,5000,sorted,15,20260930,7781044284694290038,55005,110010,4,1,success
Merge Sort,5000,sorted,15,20260930,7781044284694290038,33356,126320,20000,1,success
Library Sort,5000,sorted,15,20260930,7781044284694290038,12497500,4329204,100000,1,success
Shell Sort,5000,sorted,16,20260930,8284875491483277282,55005,110010,4,1,success
Merge Sort,5000,sorted,16,20260930,8284875491483277282,33356,126320,20000,1,success
Library Sort,5000,sorted,16,20260930,8284875491483277282,12497500,4329204,100000,1,success
Shell Sort,5000,sorted,17,20260930,6246639640875670086,55005,110010,4,1,success
Merge Sort,5000,sorted,17,20260930,6246639640875670086,33356,126320,20000,1,success
Library Sort,5000,sorted,17,20260930,6246639640875670086,12497500,4329204,100000,1,success
Shell Sort,5000,sorted,18,20260930,8772296642435778450,55005,110010,4,1,success
Merge Sort,5000,sorted,18,20260930,8772296642435778450,33356,126320,20000,1,success
Library Sort,5000,sorted,18,20260930,8772296642435778450,12497500,4329204,100000,1,success
Shell Sort,5000,sorted,19,20260930,13896300953075118258,55005,110010,4,1,success
Merge Sort,5000,sorted,19,20260930,13896300953075118258,33356,126320,20000,1,success
Library Sort,5000,sorted,19,20260930,13896300953075118258,12497500,4329204,100000,1,success
Shell Sort,5000,sorted,20,20260930,2543219014841855990,55005,110010,4,1,success
Merge Sort,5000,sorted,20,20260930,2543219014841855990,33356,126320,20000,1,success
Library Sort,5000,sorted,20,20260930,2543219014841855990,12497500,4329204,100000,1,success
Shell Sort,5000,sorted,21,20260930,12779998881638417108,55005,110010,4,1,success
Merge Sort,5000,sorted,21,20260930,12779998881638417108,33356,126320,20000,1,success
Library Sort,5000,sorted,21,20260930,12779998881638417108,12497500,4329204,100000,1,success
Shell Sort,5000,sorted,22,20260930,15838397188661374429,55005,110010,4,1,success
Merge Sort,5000,sorted,22,20260930,15838397188661374429,33356,126320,20000,1,success
Library Sort,5000,sorted,22,20260930,15838397188661374429,12497500,4329204,100000,1,success
Shell Sort,5000,sorted,23,20260930,13713607732377801409,55005,110010,4,1,success
Merge Sort,5000,sorted,23,20260930,13713607732377801409,33356,126320,20000,1,success
Library Sort,5000,sorted,23,20260930,13713607732377801409,12497500,4329204,100000,1,success
Shell Sort,5000,sorted,24,20260930,12384166866849595171,55005,110010,4,1,success
Merge Sort,5000,sorted,24,20260930,12384166866849595171,33356,126320,20000,1,success
Library Sort,5000,sorted,24,20260930,12384166866849595171,12497500,4329204,100000,1,success
Shell Sort,5000,sorted,25,20260930,18065247747052545814,55005,110010,4,1,success
Merge Sort,5000,sorted,25,20260930,18065247747052545814,33356,126320,20000,1,success
Library Sort,5000,sorted,25,20260930,18065247747052545814,12497500,4329204,100000,1,success
Shell Sort,5000,sorted,26,20260930,5811008172385502512,55005,110010,4,1,success
Merge Sort,5000,sorted,26,20260930,5811008172385502512,33356,126320,20000,1,success
Library Sort,5000,sorted,26,20260930,5811008172385502512,12497500,4329204,100000,1,success
Shell Sort,5000,sorted,27,20260930,2187056079605547473,55005,110010,4,1,success
Merge Sort,5000,sorted,27,20260930,2187056079605547473,33356,126320,20000,1,success
Library Sort,5000,sorted,27,20260930,2187056079605547473,12497500,4329204,100000,1,success
Shell Sort,5000,sorted,28,20260930,4813789484675496476,55005,110010,4,1,success
Merge Sort,5000,sorted,28,20260930,4813789484675496476,33356,126320,20000,1,success
Library Sort,5000,sorted,28,20260930,4813789484675496476,12497500,4329204,100000,1,success
Shell Sort,5000,sorted,29,20260930,8972221158205759225,55005,110010,4,1,success
Merge Sort,5000,sorted,29,20260930,8972221158205759225,33356,126320,20000,1,success
Library Sort,5000,sorted,29,20260930,8972221158205759225,12497500,4329204,100000,1,success
Shell Sort,5000,reverse,0,20260930,2939286646595379672,78798,138790,4,1,success
Merge Sort,5000,reverse,0,20260930,2939286646595379672,29804,126320,20000,1,success
Library Sort,5000,reverse,0,20260930,2939286646595379672,4999,4015667,100000,1,success
Shell Sort,5000,reverse,1,20260930,6191461844327563482,78798,138790,4,1,success
Merge Sort,5000,reverse,1,20260930,6191461844327563482,29804,126320,20000,1,success
Library Sort,5000,reverse,1,20260930,6191461844327563482,4999,4015667,100000,1,success
Shell Sort,5000,reverse,2,20260930,4056994660874282759,78798,138790,4,1,success
Merge Sort,5000,reverse,2,20260930,4056994660874282759,29804,126320,20000,1,success
Library Sort,5000,reverse,2,20260930,4056994660874282759,4999,4015667,100000,1,success
Shell Sort,5000,reverse,3,20260930,7875075054701394744,78798,138790,4,1,success
Merge Sort,5000,reverse,3,20260930,7875075054701394744,29804,126320,20000,1,success
Library Sort,5000,reverse,3,20260930,7875075054701394744,4999,4015667,100000,1,success
Shell Sort,5000,reverse,4,20260930,13848950033584594422,78798,138790,4,1,success
Merge Sort,5000,reverse,4,20260930,13848950033584594422,29804,126320,20000,1,success
Library Sort,5000,reverse,4,20260930,13848950033584594422,4999,4015667,100000,1,success
Shell Sort,5000,reverse,5,20260930,2029069427020300948,78798,138790,4,1,success
Merge Sort,5000,reverse,5,20260930,2029069427020300948,29804,126320,20000,1,success
Library Sort,5000,reverse,5,20260930,2029069427020300948,4999,4015667,100000,1,success
Shell Sort,5000,reverse,6,20260930,18177921672272449803,78798,138790,4,1,success
Merge Sort,5000,reverse,6,20260930,18177921672272449803,29804,126320,20000,1,success
Library Sort,5000,reverse,6,20260930,18177921672272449803,4999,4015667,100000,1,success
Shell Sort,5000,reverse,7,20260930,12663158292185199346,78798,138790,4,1,success
Merge Sort,5000,reverse,7,20260930,12663158292185199346,29804,126320,20000,1,success
Library Sort,5000,reverse,7,20260930,12663158292185199346,4999,4015667,100000,1,success
Shell Sort,5000,reverse,8,20260930,267630694831271086,78798,138790,4,1,success
Merge Sort,5000,reverse,8,20260930,267630694831271086,29804,126320,20000,1,success
Library Sort,5000,reverse,8,20260930,267630694831271086,4999,4015667,100000,1,success
Shell Sort,5000,reverse,9,20260930,2812778068683021827,78798,138790,4,1,success
Merge Sort,5000,reverse,9,20260930,2812778068683021827,29804,126320,20000,1,success
Library Sort,5000,reverse,9,20260930,2812778068683021827,4999,4015667,100000,1,success
Shell Sort,5000,reverse,10,20260930,11861586594387404077,78798,138790,4,1,success
Merge Sort,5000,reverse,10,20260930,11861586594387404077,29804,126320,20000,1,success
Library Sort,5000,reverse,10,20260930,11861586594387404077,4999,4015667,100000,1,success
Shell Sort,5000,reverse,11,20260930,4053638905073498199,78798,138790,4,1,success
Merge Sort,5000,reverse,11,20260930,4053638905073498199,29804,126320,20000,1,success
Library Sort,5000,reverse,11,20260930,4053638905073498199,4999,4015667,100000,1,success
Shell Sort,5000,reverse,12,20260930,15158035393437844189,78798,138790,4,1,success
Merge Sort,5000,reverse,12,20260930,15158035393437844189,29804,126320,20000,1,success
Library Sort,5000,reverse,12,20260930,15158035393437844189,4999,4015667,100000,1,success
Shell Sort,5000,reverse,13,20260930,13525001880959098965,78798,138790,4,1,success
Merge Sort,5000,reverse,13,20260930,13525001880959098965,29804,126320,20000,1,success
Library Sort,5000,reverse,13,20260930,13525001880959098965,4999,4015667,100000,1,success
Shell Sort,5000,reverse,14,20260930,4324849362561270151,78798,138790,4,1,success
Merge Sort,5000,reverse,14,20260930,4324849362561270151,29804,126320,20000,1,success
Library Sort,5000,reverse,14,20260930,4324849362561270151,4999,4015667,100000,1,success
Shell Sort,5000,reverse,15,20260930,17140980536697711729,78798,138790,4,1,success
Merge Sort,5000,reverse,15,20260930,17140980536697711729,29804,126320,20000,1,success
Library Sort,5000,reverse,15,20260930,17140980536697711729,4999,4015667,100000,1,success
Shell Sort,5000,reverse,16,20260930,3488289199297656762,78798,138790,4,1,success
Merge Sort,5000,reverse,16,20260930,3488289199297656762,29804,126320,20000,1,success
Library Sort,5000,reverse,16,20260930,3488289199297656762,4999,4015667,100000,1,success
Shell Sort,5000,reverse,17,20260930,15718669776956557136,78798,138790,4,1,success
Merge Sort,5000,reverse,17,20260930,15718669776956557136,29804,126320,20000,1,success
Library Sort,5000,reverse,17,20260930,15718669776956557136,4999,4015667,100000,1,success
Shell Sort,5000,reverse,18,20260930,15549401220603209681,78798,138790,4,1,success
Merge Sort,5000,reverse,18,20260930,15549401220603209681,29804,126320,20000,1,success
Library Sort,5000,reverse,18,20260930,15549401220603209681,4999,4015667,100000,1,success
Shell Sort,5000,reverse,19,20260930,8818776228567127093,78798,138790,4,1,success
Merge Sort,5000,reverse,19,20260930,8818776228567127093,29804,126320,20000,1,success
Library Sort,5000,reverse,19,20260930,8818776228567127093,4999,4015667,100000,1,success
Shell Sort,5000,reverse,20,20260930,15998585918922033658,78798,138790,4,1,success
Merge Sort,5000,reverse,20,20260930,15998585918922033658,29804,126320,20000,1,success
Library Sort,5000,reverse,20,20260930,15998585918922033658,4999,4015667,100000,1,success
Shell Sort,5000,reverse,21,20260930,15119821680948468123,78798,138790,4,1,success
Merge Sort,5000,reverse,21,20260930,15119821680948468123,29804,126320,20000,1,success
Library Sort,5000,reverse,21,20260930,15119821680948468123,4999,4015667,100000,1,success
Shell Sort,5000,reverse,22,20260930,6411909509886084449,78798,138790,4,1,success
Merge Sort,5000,reverse,22,20260930,6411909509886084449,29804,126320,20000,1,success
Library Sort,5000,reverse,22,20260930,6411909509886084449,4999,4015667,100000,1,success
Shell Sort,5000,reverse,23,20260930,10154217439316842408,78798,138790,4,1,success
Merge Sort,5000,reverse,23,20260930,10154217439316842408,29804,126320,20000,1,success
Library Sort,5000,reverse,23,20260930,10154217439316842408,4999,4015667,100000,1,success
Shell Sort,5000,reverse,24,20260930,8636237120681734284,78798,138790,4,1,success
Merge Sort,5000,reverse,24,20260930,8636237120681734284,29804,126320,20000,1,success
Library Sort,5000,reverse,24,20260930,8636237120681734284,4999,4015667,100000,1,success
Shell Sort,5000,reverse,25,20260930,3358017158248584151,78798,138790,4,1,success
Merge Sort,5000,reverse,25,20260930,3358017158248584151,29804,126320,20000,1,success
Library Sort,5000,reverse,25,20260930,3358017158248584151,4999,4015667,100000,1,success
Shell Sort,5000,reverse,26,20260930,17313426327837741140,78798,138790,4,1,success
Merge Sort,5000,reverse,26,20260930,17313426327837741140,29804,126320,20000,1,success
Library Sort,5000,reverse,26,20260930,17313426327837741140,4999,4015667,100000,1,success
Shell Sort,5000,reverse,27,20260930,13200656129523540118,78798,138790,4,1,success
Merge Sort,5000,reverse,27,20260930,13200656129523540118,29804,126320,20000,1,success
Library Sort,5000,reverse,27,20260930,13200656129523540118,4999,4015667,100000,1,success
Shell Sort,5000,reverse,28,20260930,9395658876066403933,78798,138790,4,1,success
Merge Sort,5000,reverse,28,20260930,9395658876066403933,29804,126320,20000,1,success
Library Sort,5000,reverse,28,20260930,9395658876066403933,4999,4015667,100000,1,success
Shell Sort,5000,reverse,29,20260930,10089238261388311376,78798,138790,4,1,success
Merge Sort,5000,reverse,29,20260930,10089238261388311376,29804,126320,20000,1,success
Library Sort,5000,reverse,29,20260930,10089238261388311376,4999,4015667,100000,1,success
Shell Sort,5000,duplicate-heavy,0,20260930,5999568847857775638,77385,134677,4,1,success
Merge Sort,5000,duplicate-heavy,0,20260930,5999568847857775638,56122,126320,20000,1,success
Library Sort,5000,duplicate-heavy,0,20260930,5999568847857775638,5958296,76014,100000,1,success
Shell Sort,5000,duplicate-heavy,1,20260930,15755508967052804299,78058,135329,4,1,success
Merge Sort,5000,duplicate-heavy,1,20260930,15755508967052804299,56096,126320,20000,1,success
Library Sort,5000,duplicate-heavy,1,20260930,15755508967052804299,5950827,74968,100000,1,success
Shell Sort,5000,duplicate-heavy,2,20260930,17241918267081377294,77644,134950,4,1,success
Merge Sort,5000,duplicate-heavy,2,20260930,17241918267081377294,56250,126320,20000,1,success
Library Sort,5000,duplicate-heavy,2,20260930,17241918267081377294,5944394,74680,100000,1,success
Shell Sort,5000,duplicate-heavy,3,20260930,4128937982891645816,77656,134938,4,1,success
Merge Sort,5000,duplicate-heavy,3,20260930,4128937982891645816,56214,126320,20000,1,success
Library Sort,5000,duplicate-heavy,3,20260930,4128937982891645816,5973820,76475,100000,1,success
Shell Sort,5000,duplicate-heavy,4,20260930,3577448623405502642,76783,134042,4,1,success
Merge Sort,5000,duplicate-heavy,4,20260930,3577448623405502642,56223,126320,20000,1,success
Library Sort,5000,duplicate-heavy,4,20260930,3577448623405502642,5955628,75356,100000,1,success
Shell Sort,5000,duplicate-heavy,5,20260930,13508469467806121650,76806,134045,4,1,success
Merge Sort,5000,duplicate-heavy,5,20260930,13508469467806121650,56222,126320,20000,1,success
Library Sort,5000,duplicate-heavy,5,20260930,13508469467806121650,5966909,79324,100000,1,success
Shell Sort,5000,duplicate-heavy,6,20260930,7088429395050478876,79562,136843,4,1,success
Merge Sort,5000,duplicate-heavy,6,20260930,7088429395050478876,56220,126320,20000,1,success
Library Sort,5000,duplicate-heavy,6,20260930,7088429395050478876,5964520,75850,100000,1,success
Shell Sort,5000,duplicate-heavy,7,20260930,17980939192511330773,79474,136788,4,1,success
Merge Sort,5000,duplicate-heavy,7,20260930,17980939192511330773,56216,126320,20000,1,success
Library Sort,5000,duplicate-heavy,7,20260930,17980939192511330773,5900358,75446,100000,1,success
Shell Sort,5000,duplicate-heavy,8,20260930,13184399289252163795,78857,136092,4,1,success
Merge Sort,5000,duplicate-heavy,8,20260930,13184399289252163795,56147,126320,20000,1,success
Library Sort,5000,duplicate-heavy,8,20260930,13184399289252163795,6022964,74183,100000,1,success
Shell Sort,5000,duplicate-heavy,9,20260930,1382455527966248126,75946,133198,4,1,success
Merge Sort,5000,duplicate-heavy,9,20260930,1382455527966248126,56409,126320,20000,1,success
Library Sort,5000,duplicate-heavy,9,20260930,1382455527966248126,5996017,77510,100000,1,success
Shell Sort,5000,duplicate-heavy,10,20260930,4191632502605045204,80943,138304,4,1,success
Merge Sort,5000,duplicate-heavy,10,20260930,4191632502605045204,56126,126320,20000,1,success
Library Sort,5000,duplicate-heavy,10,20260930,4191632502605045204,5803745,76956,100000,1,success
Shell Sort,5000,duplicate-heavy,11,20260930,18115841141039175542,77711,135063,4,1,success
Merge Sort,5000,duplicate-heavy,11,20260930,18115841141039175542,56234,126320,20000,1,success
Library Sort,5000,duplicate-heavy,11,20260930,18115841141039175542,5926463,74472,100000,1,success
Shell Sort,5000,duplicate-heavy,12,20260930,7079337397487432534,78245,135454,4,1,success
Merge Sort,5000,duplicate-heavy,12,20260930,7079337397487432534,56297,126320,20000,1,success
Library Sort,5000,duplicate-heavy,12,20260930,7079337397487432534,6033920,78187,100000,1,success
Shell Sort,5000,duplicate-heavy,13,20260930,5085276667640948870,78060,135349,4,1,success
Merge Sort,5000,duplicate-heavy,13,20260930,5085276667640948870,56186,126320,20000,1,success
Library Sort,5000,duplicate-heavy,13,20260930,5085276667640948870,6012663,74308,100000,1,success
Shell Sort,5000,duplicate-heavy,14,20260930,15089621405467281926,78173,135461,4,1,success
Merge Sort,5000,duplicate-heavy,14,20260930,15089621405467281926,56212,126320,20000,1,success
Library Sort,5000,duplicate-heavy,14,20260930,15089621405467281926,5935150,74357,100000,1,success
Shell Sort,5000,duplicate-heavy,15,20260930,15941771801649571408,80808,138153,4,1,success
Merge Sort,5000,duplicate-heavy,15,20260930,15941771801649571408,56339,126320,20000,1,success
Library Sort,5000,duplicate-heavy,15,20260930,15941771801649571408,5936461,75474,100000,1,success
Shell Sort,5000,duplicate-heavy,16,20260930,3405393957669021655,77604,134858,4,1,success
Merge Sort,5000,duplicate-heavy,16,20260930,3405393957669021655,56206,126320,20000,1,success
Library Sort,5000,duplicate-heavy,16,20260930,3405393957669021655,6031294,74389,100000,1,success
Shell Sort,5000,duplicate-heavy,17,20260930,13414424685546454383,79034,136338,4,1,success
Merge Sort,5000,duplicate-heavy,17,20260930,13414424685546454383,56142,126320,20000,1,success
Library Sort,5000,duplicate-heavy,17,20260930,13414424685546454383,5835508,74698,100000,1,success
Shell Sort,5000,duplicate-heavy,18,20260930,4221040820010031365,76804,133979,4,1,success
Merge Sort,5000,duplicate-heavy,18,20260930,4221040820010031365,56313,126320,20000,1,success
Library Sort,5000,duplicate-heavy,18,20260930,4221040820010031365,6084909,76590,100000,1,success
Shell Sort,5000,duplicate-heavy,19,20260930,3154814505212373213,79232,136585,4,1,success
Merge Sort,5000,duplicate-heavy,19,20260930,3154814505212373213,56086,126320,20000,1,success
Library Sort,5000,duplicate-heavy,19,20260930,3154814505212373213,5800209,75864,100000,1,success
Shell Sort,5000,duplicate-heavy,20,20260930,5709640772144286786,79169,136453,4,1,success
Merge Sort,5000,duplicate-heavy,20,20260930,5709640772144286786,56235,126320,20000,1,success
Library Sort,5000,duplicate-heavy,20,20260930,5709640772144286786,5893241,76467,100000,1,success
Shell Sort,5000,duplicate-heavy,21,20260930,1451242289528292351,77383,134636,4,1,success
Merge Sort,5000,duplicate-heavy,21,20260930,1451242289528292351,56273,126320,20000,1,success
Library Sort,5000,duplicate-heavy,21,20260930,1451242289528292351,5937906,75934,100000,1,success
Shell Sort,5000,duplicate-heavy,22,20260930,1304274336597295044,78521,135785,4,1,success
Merge Sort,5000,duplicate-heavy,22,20260930,1304274336597295044,56145,126320,20000,1,success
Library Sort,5000,duplicate-heavy,22,20260930,1304274336597295044,5982815,73085,100000,1,success
Shell Sort,5000,duplicate-heavy,23,20260930,16319143676841442224,77600,134868,4,1,success
Merge Sort,5000,duplicate-heavy,23,20260930,16319143676841442224,56161,126320,20000,1,success
Library Sort,5000,duplicate-heavy,23,20260930,16319143676841442224,6042953,77662,100000,1,success
Shell Sort,5000,duplicate-heavy,24,20260930,8198502799710583436,76781,134062,4,1,success
Merge Sort,5000,duplicate-heavy,24,20260930,8198502799710583436,56280,126320,20000,1,success
Library Sort,5000,duplicate-heavy,24,20260930,8198502799710583436,5985768,74019,100000,1,success
Shell Sort,5000,duplicate-heavy,25,20260930,13903502555846434380,75849,133126,4,1,success
Merge Sort,5000,duplicate-heavy,25,20260930,13903502555846434380,56197,126320,20000,1,success
Library Sort,5000,duplicate-heavy,25,20260930,13903502555846434380,5922573,75168,100000,1,success
Shell Sort,5000,duplicate-heavy,26,20260930,13801018776861942295,77795,135011,4,1,success
Merge Sort,5000,duplicate-heavy,26,20260930,13801018776861942295,56195,126320,20000,1,success
Library Sort,5000,duplicate-heavy,26,20260930,13801018776861942295,6073627,75791,100000,1,success
Shell Sort,5000,duplicate-heavy,27,20260930,3367963510359119862,77734,135038,4,1,success
Merge Sort,5000,duplicate-heavy,27,20260930,3367963510359119862,56312,126320,20000,1,success
Library Sort,5000,duplicate-heavy,27,20260930,3367963510359119862,5904703,75600,100000,1,success
Shell Sort,5000,duplicate-heavy,28,20260930,10472465858934287451,79698,137028,4,1,success
Merge Sort,5000,duplicate-heavy,28,20260930,10472465858934287451,56194,126320,20000,1,success
Library Sort,5000,duplicate-heavy,28,20260930,10472465858934287451,5943032,75156,100000,1,success
Shell Sort,5000,duplicate-heavy,29,20260930,16847258911440909701,81722,138985,4,1,success
Merge Sort,5000,duplicate-heavy,29,20260930,16847258911440909701,56201,126320,20000,1,success
Library Sort,5000,duplicate-heavy,29,20260930,16847258911440909701,5895661,76753,100000,1,success
Shell Sort,10000,random,0,20260930,14766519053578494876,263963,389033,4,1,success
Merge Sort,10000,random,0,20260930,14766519053578494876,123570,272640,40000,1,success
Library Sort,10000,random,0,20260930,14766519053578494876,24898171,56279,200000,1,success
Shell Sort,10000,random,1,20260930,9905648947689135253,259282,384373,4,1,success
Merge Sort,10000,random,1,20260930,9905648947689135253,123615,272640,40000,1,success
Library Sort,10000,random,1,20260930,9905648947689135253,25147564,56331,200000,1,success
Shell Sort,10000,random,2,20260930,13248392140544355958,261428,386502,4,1,success
Merge Sort,10000,random,2,20260930,13248392140544355958,123529,272640,40000,1,success
Library Sort,10000,random,2,20260930,13248392140544355958,25247592,56220,200000,1,success
Shell Sort,10000,random,3,20260930,16146739360998655181,258916,383995,4,1,success
Merge Sort,10000,random,3,20260930,16146739360998655181,123625,272640,40000,1,success
Library Sort,10000,random,3,20260930,16146739360998655181,24788447,56307,200000,1,success
Shell Sort,10000,random,4,20260930,2930837809515123899,261194,386304,4,1,success
Merge Sort,10000,random,4,20260930,2930837809515123899,123648,272640,40000,1,success
Library Sort,10000,random,4,20260930,2930837809515123899,24837163,56186,200000,1,success
Shell Sort,10000,random,5,20260930,4315453183483083657,261200,386219,4,1,success
Merge Sort,10000,random,5,20260930,4315453183483083657,123607,272640,40000,1,success
Library Sort,10000,random,5,20260930,4315453183483083657,25207984,56227,200000,1,success
Shell Sort,10000,random,6,20260930,7036143845552862656,255969,381063,4,1,success
Merge Sort,10000,random,6,20260930,7036143845552862656,123609,272640,40000,1,success
Library Sort,10000,random,6,20260930,7036143845552862656,24836419,56352,200000,1,success
Shell Sort,10000,random,7,20260930,7407543622338422084,264521,389561,4,1,success
Merge Sort,10000,random,7,20260930,7407543622338422084,123758,272640,40000,1,success
Library Sort,10000,random,7,20260930,7407543622338422084,25386274,56487,200000,1,success
Shell Sort,10000,random,8,20260930,9259042528352018472,261002,386095,4,1,success
Merge Sort,10000,random,8,20260930,9259042528352018472,123679,272640,40000,1,success
Library Sort,10000,random,8,20260930,9259042528352018472,25101844,56530,200000,1,success
Shell Sort,10000,random,9,20260930,8216130437550071694,259936,385018,4,1,success
Merge Sort,10000,random,9,20260930,8216130437550071694,123722,272640,40000,1,success
Library Sort,10000,random,9,20260930,8216130437550071694,25023362,56485,200000,1,success
Shell Sort,10000,random,10,20260930,15548380178856565239,267397,392452,4,1,success
Merge Sort,10000,random,10,20260930,15548380178856565239,123649,272640,40000,1,success
Library Sort,10000,random,10,20260930,15548380178856565239,25019247,56391,200000,1,success
Shell Sort,10000,random,11,20260930,6510793214318360455,277667,402744,4,1,success
Merge Sort,10000,random,11,20260930,6510793214318360455,123659,272640,40000,1,success
Library Sort,10000,random,11,20260930,6510793214318360455,25038044,56335,200000,1,success
Shell Sort,10000,random,12,20260930,10101233269632130162,259412,384436,4,1,success
Merge Sort,10000,random,12,20260930,10101233269632130162,123680,272640,40000,1,success
Library Sort,10000,random,12,20260930,10101233269632130162,25126522,56189,200000,1,success
Shell Sort,10000,random,13,20260930,11294930615128547782,273425,398537,4,1,success
Merge Sort,10000,random,13,20260930,11294930615128547782,123683,272640,40000,1,success
Library Sort,10000,random,13,20260930,11294930615128547782,24655471,56296,200000,1,success
Shell Sort,10000,random,14,20260930,11940696636880691893,269061,394069,4,1,success
Merge Sort,10000,random,14,20260930,11940696636880691893,123654,272640,40000,1,success
Library Sort,10000,random,14,20260930,11940696636880691893,25233893,56276,200000,1,success
Shell Sort,10000,random,15,20260930,8647668980351974444,272372,397474,4,1,success
Merge Sort,10000,random,15,20260930,8647668980351974444,123683,272640,40000,1,success
Library Sort,10000,random,15,20260930,8647668980351974444,25059007,56238,200000,1,success
Shell Sort,10000,random,16,20260930,17398892759982648736,267965,393060,4,1,success
Merge Sort,10000,random,16,20260930,17398892759982648736,123764,272640,40000,1,success
Library Sort,10000,random,16,20260930,17398892759982648736,25067604,56514,200000,1,success
Shell Sort,10000,random,17,20260930,4797466957111217154,267649,392676,4,1,success
Merge Sort,10000,random,17,20260930,4797466957111217154,123639,272640,40000,1,success
Library Sort,10000,random,17,20260930,4797466957111217154,25196635,56196,200000,1,success
Shell Sort,10000,random,18,20260930,17992014844460513150,264653,389802,4,1,success
Merge Sort,10000,random,18,20260930,17992014844460513150,123680,272640,40000,1,success
Library Sort,10000,random,18,20260930,17992014844460513150,24941544,56335,200000,1,success
Shell Sort,10000,random,19,20260930,2678276235661161923,261007,386123,4,1,success
Merge Sort,10000,random,19,20260930,2678276235661161923,123716,272640,40000,1,success
Library Sort,10000,random,19,20260930,2678276235661161923,24760640,56443,200000,1,success
Shell Sort,10000,random,20,20260930,10584815783024694951,266354,391429,4,1,success
Merge Sort,10000,random,20,20260930,10584815783024694951,123659,272640,40000,1,success
Library Sort,10000,random,20,20260930,10584815783024694951,24967935,56313,200000,1,success
Shell Sort,10000,random,21,20260930,6724756279371978771,270858,395851,4,1,success
Merge Sort,10000,random,21,20260930,6724756279371978771,123703,272640,40000,1,success
Library Sort,10000,random,21,20260930,6724756279371978771,25380957,56380,200000,1,success
Shell Sort,10000,random,22,20260930,6720772845633073825,262015,387101,4,1,success
Merge Sort,10000,random,22,20260930,6720772845633073825,123609,272640,40000,1,success
Library Sort,10000,random,22,20260930,6720772845633073825,25005146,56294,200000,1,success
Shell Sort,10000,random,23,20260930,9128771350742197026,269169,394179,4,1,success
Merge Sort,10000,random,23,20260930,9128771350742197026,123645,272640,40000,1,success
Library Sort,10000,random,23,20260930,9128771350742197026,25116559,56245,200000,1,success
Shell Sort,10000,random,24,20260930,2062697537965594576,267885,392983,4,1,success
Merge Sort,10000,random,24,20260930,2062697537965594576,123580,272640,40000,1,success
Library Sort,10000,random,24,20260930,2062697537965594576,24880254,56450,200000,1,success
Shell Sort,10000,random,25,20260930,12590514584447142326,260389,385457,4,1,success
Merge Sort,10000,random,25,20260930,12590514584447142326,123603,272640,40000,1,success
Library Sort,10000,random,25,20260930,12590514584447142326,25076959,56298,200000,1,success
Shell Sort,10000,random,26,20260930,5524530603605589666,263539,388639,4,1,success
Merge Sort,10000,random,26,20260930,5524530603605589666,123732,272640,40000,1,success
Library Sort,10000,random,26,20260930,5524530603605589666,24957402,56195,200000,1,success
Shell Sort,10000,random,27,20260930,2882700130665573904,291926,416959,4,1,success
Merge Sort,10000,random,27,20260930,2882700130665573904,123631,272640,40000,1,success
Library Sort,10000,random,27,20260930,2882700130665573904,25070945,56196,200000,1,success
Shell Sort,10000,random,28,20260930,3962977918403852422,258760,383871,4,1,success
Merge Sort,10000,random,28,20260930,3962977918403852422,123674,272640,40000,1,success
Library Sort,10000,random,28,20260930,3962977918403852422,24840398,56413,200000,1,success
Shell Sort,10000,random,29,20260930,5053792766472779416,281227,406356,4,1,success
Merge Sort,10000,random,29,20260930,5053792766472779416,123660,272640,40000,1,success
Library Sort,10000,random,29,20260930,5053792766472779416,24909028,56301,200000,1,success
Shell Sort,10000,sorted,0,20260930,12595574493881836930,120005,240010,4,1,success
Merge Sort,10000,sorted,0,20260930,12595574493881836930,71712,272640,40000,1,success
Library Sort,10000,sorted,0,20260930,12595574493881836930,49995000,17282317,200000,1,success
Shell Sort,10000,sorted,1,20260930,5067211479466539362,120005,240010,4,1,success
Merge Sort,10000,sorted,1,20260930,5067211479466539362,71712,272640,40000,1,success
Library Sort,10000,sorted,1,20260930,5067211479466539362,49995000,17282317,200000,1,success
Shell Sort,10000,sorted,2,20260930,5398166355981265804,120005,240010,4,1,success
Merge Sort,10000,sorted,2,20260930,5398166355981265804,71712,272640,40000,1,success
Library Sort,10000,sorted,2,20260930,5398166355981265804,49995000,17282317,200000,1,success
Shell Sort,10000,sorted,3,20260930,13748183645861586286,120005,240010,4,1,success
Merge Sort,10000,sorted,3,20260930,13748183645861586286,71712,272640,40000,1,success
Library Sort,10000,sorted,3,20260930,13748183645861586286,49995000,17282317,200000,1,success
Shell Sort,10000,sorted,4,20260930,9668880018348066510,120005,240010,4,1,success
Merge Sort,10000,sorted,4,20260930,9668880018348066510,71712,272640,40000,1,success
Library Sort,10000,sorted,4,20260930,9668880018348066510,49995000,17282317,200000,1,success
Shell Sort,10000,sorted,5,20260930,3630287680136459829,120005,240010,4,1,success
Merge Sort,10000,sorted,5,20260930,3630287680136459829,71712,272640,40000,1,success
Library Sort,10000,sorted,5,20260930,3630287680136459829,49995000,17282317,200000,1,success
Shell Sort,10000,sorted,6,20260930,14353751857741404804,120005,240010,4,1,success
Merge Sort,10000,sorted,6,20260930,14353751857741404804,71712,272640,40000,1,success
Library Sort,10000,sorted,6,20260930,14353751857741404804,49995000,17282317,200000,1,success
Shell Sort,10000,sorted,7,20260930,1410351945265358827,120005,240010,4,1,success
Merge Sort,10000,sorted,7,20260930,1410351945265358827,71712,272640,40000,1,success
Library Sort,10000,sorted,7,20260930,1410351945265358827,49995000,17282317,200000,1,success
Shell Sort,10000,sorted,8,20260930,3160606535871967974,120005,240010,4,1,success
Merge Sort,10000,sorted,8,20260930,3160606535871967974,71712,272640,40000,1,success
Library Sort,10000,sorted,8,20260930,3160606535871967974,49995000,17282317,200000,1,success
Shell Sort,10000,sorted,9,20260930,62157124574533016,120005,240010,4,1,success
Merge Sort,10000,sorted,9,20260930,62157124574533016,71712,272640,40000,1,success
Library Sort,10000,sorted,9,20260930,62157124574533016,49995000,17282317,200000,1,success
Shell Sort,10000,sorted,10,20260930,14538074898058012231,120005,240010,4,1,success
Merge Sort,10000,sorted,10,20260930,14538074898058012231,71712,272640,40000,1,success
Library Sort,10000,sorted,10,20260930,14538074898058012231,49995000,17282317,200000,1,success
Shell Sort,10000,sorted,11,20260930,11122090954083101332,120005,240010,4,1,success
Merge Sort,10000,sorted,11,20260930,11122090954083101332,71712,272640,40000,1,success
Library Sort,10000,sorted,11,20260930,11122090954083101332,49995000,17282317,200000,1,success
Shell Sort,10000,sorted,12,20260930,1918440237176342607,120005,240010,4,1,success
Merge Sort,10000,sorted,12,20260930,1918440237176342607,71712,272640,40000,1,success
Library Sort,10000,sorted,12,20260930,1918440237176342607,49995000,17282317,200000,1,success
Shell Sort,10000,sorted,13,20260930,11899873353144411972,120005,240010,4,1,success
Merge Sort,10000,sorted,13,20260930,11899873353144411972,71712,272640,40000,1,success
Library Sort,10000,sorted,13,20260930,11899873353144411972,49995000,17282317,200000,1,success
Shell Sort,10000,sorted,14,20260930,14637534497748392923,120005,240010,4,1,success
Merge Sort,10000,sorted,14,20260930,14637534497748392923,71712,272640,40000,1,success
Library Sort,10000,sorted,14,20260930,14637534497748392923,49995000,17282317,200000,1,success
Shell Sort,10000,sorted,15,20260930,7776792752229852700,120005,240010,4,1,success
Merge Sort,10000,sorted,15,20260930,7776792752229852700,71712,272640,40000,1,success
Library Sort,10000,sorted,15,20260930,7776792752229852700,49995000,17282317,200000,1,success
Shell Sort,10000,sorted,16,20260930,7608472844270838325,120005,240010,4,1,success
Merge Sort,10000,sorted,16,20260930,7608472844270838325,71712,272640,40000,1,success
Library Sort,10000,sorted,16,20260930,7608472844270838325,49995000,17282317,200000,1,success
Shell Sort,10000,sorted,17,20260930,17199416269678032587,120005,240010,4,1,success
Merge Sort,10000,sorted,17,20260930,17199416269678032587,71712,272640,40000,1,success
Library Sort,10000,sorted,17,20260930,17199416269678032587,49995000,17282317,200000,1,success
Shell Sort,10000,sorted,18,20260930,2199491311264194073,120005,240010,4,1,success
Merge Sort,10000,sorted,18,20260930,2199491311264194073,71712,272640,40000,1,success
Library Sort,10000,sorted,18,20260930,2199491311264194073,49995000,17282317,200000,1,success
Shell Sort,10000,sorted,19,20260930,2885517059429185076,120005,240010,4,1,success
Merge Sort,10000,sorted,19,20260930,2885517059429185076,71712,272640,40000,1,success
Library Sort,10000,sorted,19,20260930,2885517059429185076,49995000,17282317,200000,1,success
Shell Sort,10000,sorted,20,20260930,2530697029366079274,120005,240010,4,1,success
Merge Sort,10000,sorted,20,20260930,2530697029366079274,71712,272640,40000,1,success
Library Sort,10000,sorted,20,20260930,2530697029366079274,49995000,17282317,200000,1,success
Shell Sort,10000,sorted,21,20260930,8500147152333179916,120005,240010,4,1,success
Merge Sort,10000,sorted,21,20260930,8500147152333179916,71712,272640,40000,1,success
Library Sort,10000,sorted,21,20260930,8500147152333179916,49995000,17282317,200000,1,success
Shell Sort,10000,sorted,22,20260930,6673060479643202494,120005,240010,4,1,success
Merge Sort,10000,sorted,22,20260930,6673060479643202494,71712,272640,40000,1,success
Library Sort,10000,sorted,22,20260930,6673060479643202494,49995000,17282317,200000,1,success
Shell Sort,10000,sorted,23,20260930,12532131926777988868,120005,240010,4,1,success
Merge Sort,10000,sorted,23,20260930,12532131926777988868,71712,272640,40000,1,success
Library Sort,10000,sorted,23,20260930,12532131926777988868,49995000,17282317,200000,1,success
Shell Sort,10000,sorted,24,20260930,8470640650742231060,120005,240010,4,1,success
Merge Sort,10000,sorted,24,20260930,8470640650742231060,71712,272640,40000,1,success
Library Sort,10000,sorted,24,20260930,8470640650742231060,49995000,17282317,200000,1,success
Shell Sort,10000,sorted,25,20260930,2560886562599347013,120005,240010,4,1,success
Merge Sort,10000,sorted,25,20260930,2560886562599347013,71712,272640,40000,1,success
Library Sort,10000,sorted,25,20260930,2560886562599347013,49995000,17282317,200000,1,success
Shell Sort,10000,sorted,26,20260930,17720133875437218226,120005,240010,4,1,success
Merge Sort,10000,sorted,26,20260930,17720133875437218226,71712,272640,40000,1,success
Library Sort,10000,sorted,26,20260930,17720133875437218226,49995000,17282317,200000,1,success
Shell Sort,10000,sorted,27,20260930,13558014904582288316,120005,240010,4,1,success
Merge Sort,10000,sorted,27,20260930,13558014904582288316,71712,272640,40000,1,success
Library Sort,10000,sorted,27,20260930,13558014904582288316,49995000,17282317,200000,1,success
Shell Sort,10000,sorted,28,20260930,3192044271774287283,120005,240010,4,1,success
Merge Sort,10000,sorted,28,20260930,3192044271774287283,71712,272640,40000,1,success
Library Sort,10000,sorted,28,20260930,3192044271774287283,49995000,17282317,200000,1,success
Shell Sort,10000,sorted,29,20260930,11611048117606636863,120005,240010,4,1,success
Merge Sort,10000,sorted,29,20260930,11611048117606636863,71712,272640,40000,1,success
Library Sort,10000,sorted,29,20260930,11611048117606636863,49995000,17282317,200000,1,success
Shell Sort,10000,reverse,0,20260930,17959390286489223527,172578,302570,4,1,success
Merge Sort,10000,reverse,0,20260930,17959390286489223527,64608,272640,40000,1,success
Library Sort,10000,reverse,0,20260930,17959390286489223527,9999,16028840,200000,1,success
Shell Sort,10000,reverse,1,20260930,12274520192012955728,172578,302570,4,1,success
Merge Sort,10000,reverse,1,20260930,12274520192012955728,64608,272640,40000,1,success
Library Sort,10000,reverse,1,20260930,12274520192012955728,9999,16028840,200000,1,success
Shell Sort,10000,reverse,2,20260930,14685835774367106816,172578,302570,4,1,success
Merge Sort,10000,reverse,2,20260930,14685835774367106816,64608,272640,40000,1,success
Library Sort,10000,reverse,2,20260930,14685835774367106816,9999,16028840,200000,1,success
Shell Sort,10000,reverse,3,20260930,2207820026465285269,172578,302570,4,1,success
Merge Sort,10000,reverse,3,20260930,2207820026465285269,64608,272640,40000,1,success
Library Sort,10000,reverse,3,20260930,2207820026465285269,9999,16028840,200000,1,success
Shell Sort,10000,reverse,4,20260930,6573881555713263112,172578,302570,4,1,success
Merge Sort,10000,reverse,4,20260930,6573881555713263112,64608,272640,40000,1,success
Library Sort,10000,reverse,4,20260930,6573881555713263112,9999,16028840,200000,1,success
Shell Sort,10000,reverse,5,20260930,12005527879385486921,172578,302570,4,1,success
Merge Sort,10000,reverse,5,20260930,12005527879385486921,64608,272640,40000,1,success
Library Sort,10000,reverse,5,20260930,12005527879385486921,9999,16028840,200000,1,success
Shell Sort,10000,reverse,6,20260930,398295886683178436,172578,302570,4,1,success
Merge Sort,10000,reverse,6,20260930,398295886683178436,64608,272640,40000,1,success
Library Sort,10000,reverse,6,20260930,398295886683178436,9999,16028840,200000,1,success
Shell Sort,10000,reverse,7,20260930,11769357806623732610,172578,302570,4,1,success
Merge Sort,10000,reverse,7,20260930,11769357806623732610,64608,272640,40000,1,success
Library Sort,10000,reverse,7,20260930,11769357806623732610,9999,16028840,200000,1,success
Shell Sort,10000,reverse,8,20260930,4698221905142620113,172578,302570,4,1,success
Merge Sort,10000,reverse,8,20260930,4698221905142620113,64608,272640,40000,1,success
Library Sort,10000,reverse,8,20260930,4698221905142620113,9999,16028840,200000,1,success
Shell Sort,10000,reverse,9,20260930,1945315715423194440,172578,302570,4,1,success
Merge Sort,10000,reverse,9,20260930,1945315715423194440,64608,272640,40000,1,success
Library Sort,10000,reverse,9,20260930,1945315715423194440,9999,16028840,200000,1,success
Shell Sort,10000,reverse,10,20260930,14747672967278139482,172578,302570,4,1,success
Merge Sort,10000,reverse,10,20260930,14747672967278139482,64608,272640,40000,1,success
Library Sort,10000,reverse,10,20260930,14747672967278139482,9999,16028840,200000,1,success
Shell Sort,10000,reverse,11,20260930,2183580296808755001,172578,302570,4,1,success
Merge Sort,10000,reverse,11,20260930,2183580296808755001,64608,272640,40000,1,success
Library Sort,10000,reverse,11,20260930,2183580296808755001,9999,16028840,200000,1,success
Shell Sort,10000,reverse,12,20260930,5809394324613612875,172578,302570,4,1,success
Merge Sort,10000,reverse,12,20260930,5809394324613612875,64608,272640,40000,1,success
Library Sort,10000,reverse,12,20260930,5809394324613612875,9999,16028840,200000,1,success
Shell Sort,10000,reverse,13,20260930,14778241063967724906,172578,302570,4,1,success
Merge Sort,10000,reverse,13,20260930,14778241063967724906,64608,272640,40000,1,success
Library Sort,10000,reverse,13,20260930,14778241063967724906,9999,16028840,200000,1,success
Shell Sort,10000,reverse,14,20260930,10705473095246056118,172578,302570,4,1,success
Merge Sort,10000,reverse,14,20260930,10705473095246056118,64608,272640,40000,1,success
Library Sort,10000,reverse,14,20260930,10705473095246056118,9999,16028840,200000,1,success
Shell Sort,10000,reverse,15,20260930,6974984154529787294,172578,302570,4,1,success
Merge Sort,10000,reverse,15,20260930,6974984154529787294,64608,272640,40000,1,success
Library Sort,10000,reverse,15,20260930,6974984154529787294,9999,16028840,200000,1,success
Shell Sort,10000,reverse,16,20260930,1085975076789129482,172578,302570,4,1,success
Merge Sort,10000,reverse,16,20260930,1085975076789129482,64608,272640,40000,1,success
Library Sort,10000,reverse,16,20260930,1085975076789129482,9999,16028840,200000,1,success
Shell Sort,10000,reverse,17,20260930,13256604733839460846,172578,302570,4,1,success
Merge Sort,10000,reverse,17,20260930,13256604733839460846,64608,272640,40000,1,success
Library Sort,10000,reverse,17,20260930,13256604733839460846,9999,16028840,200000,1,success
Shell Sort,10000,reverse,18,20260930,6264736196025756153,172578,302570,4,1,success
Merge Sort,10000,reverse,18,20260930,6264736196025756153,64608,272640,40000,1,success
Library Sort,10000,reverse,18,20260930,6264736196025756153,9999,16028840,200000,1,success
Shell Sort,10000,reverse,19,20260930,14062577500988074842,172578,302570,4,1,success
Merge Sort,10000,reverse,19,20260930,14062577500988074842,64608,272640,40000,1,success
Library Sort,10000,reverse,19,20260930,14062577500988074842,9999,16028840,200000,1,success
Shell Sort,10000,reverse,20,20260930,18121448465187652975,172578,302570,4,1,success
Merge Sort,10000,reverse,20,20260930,18121448465187652975,64608,272640,40000,1,success
Library Sort,10000,reverse,20,20260930,18121448465187652975,9999,16028840,200000,1,success
Shell Sort,10000,reverse,21,20260930,15453978937100317920,172578,302570,4,1,success
Merge Sort,10000,reverse,21,20260930,15453978937100317920,64608,272640,40000,1,success
Library Sort,10000,reverse,21,20260930,15453978937100317920,9999,16028840,200000,1,success
Shell Sort,10000,reverse,22,20260930,1382572860917192295,172578,302570,4,1,success
Merge Sort,10000,reverse,22,20260930,1382572860917192295,64608,272640,40000,1,success
Library Sort,10000,reverse,22,20260930,1382572860917192295,9999,16028840,200000,1,success
Shell Sort,10000,reverse,23,20260930,16508791006067519028,172578,302570,4,1,success
Merge Sort,10000,reverse,23,20260930,16508791006067519028,64608,272640,40000,1,success
Library Sort,10000,reverse,23,20260930,16508791006067519028,9999,16028840,200000,1,success
Shell Sort,10000,reverse,24,20260930,1256187915934891023,172578,302570,4,1,success
Merge Sort,10000,reverse,24,20260930,1256187915934891023,64608,272640,40000,1,success
Library Sort,10000,reverse,24,20260930,1256187915934891023,9999,16028840,200000,1,success
Shell Sort,10000,reverse,25,20260930,5158157905924983197,172578,302570,4,1,success
Merge Sort,10000,reverse,25,20260930,5158157905924983197,64608,272640,40000,1,success
Library Sort,10000,reverse,25,20260930,5158157905924983197,9999,16028840,200000,1,success
Shell Sort,10000,reverse,26,20260930,15270457424545001041,172578,302570,4,1,success
Merge Sort,10000,reverse,26,20260930,15270457424545001041,64608,272640,40000,1,success
Library Sort,10000,reverse,26,20260930,15270457424545001041,9999,16028840,200000,1,success
Shell Sort,10000,reverse,27,20260930,2949536451795308348,172578,302570,4,1,success
Merge Sort,10000,reverse,27,20260930,2949536451795308348,64608,272640,40000,1,success
Library Sort,10000,reverse,27,20260930,2949536451795308348,9999,16028840,200000,1,success
Shell Sort,10000,reverse,28,20260930,9373649722751309184,172578,302570,4,1,success
Merge Sort,10000,reverse,28,20260930,9373649722751309184,64608,272640,40000,1,success
Library Sort,10000,reverse,28,20260930,9373649722751309184,9999,16028840,200000,1,success
Shell Sort,10000,reverse,29,20260930,2620421013016419101,172578,302570,4,1,success
Merge Sort,10000,reverse,29,20260930,2620421013016419101,64608,272640,40000,1,success
Library Sort,10000,reverse,29,20260930,2620421013016419101,9999,16028840,200000,1,success
Shell Sort,10000,duplicate-heavy,0,20260930,1388932849912867598,174055,298609,4,1,success
Merge Sort,10000,duplicate-heavy,0,20260930,1388932849912867598,122219,272640,40000,1,success
Library Sort,10000,duplicate-heavy,0,20260930,1388932849912867598,23732799,257458,200000,1,success
Shell Sort,10000,duplicate-heavy,1,20260930,12910657166618455149,170361,294891,4,1,success
Merge Sort,10000,duplicate-heavy,1,20260930,12910657166618455149,122193,272640,40000,1,success
Library Sort,10000,duplicate-heavy,1,20260930,12910657166618455149,23846308,252285,200000,1,success
Shell Sort,10000,duplicate-heavy,2,20260930,14409640569871936390,167900,292447,4,1,success
Merge Sort,10000,duplicate-heavy,2,20260930,14409640569871936390,122163,272640,40000,1,success
Library Sort,10000,duplicate-heavy,2,20260930,14409640569871936390,23662115,250714,200000,1,success
Shell Sort,10000,duplicate-heavy,3,20260930,10410943246738197182,169642,294024,4,1,success
Merge Sort,10000,duplicate-heavy,3,20260930,10410943246738197182,122119,272640,40000,1,success
Library Sort,10000,duplicate-heavy,3,20260930,10410943246738197182,24124766,249574,200000,1,success
Shell Sort,10000,duplicate-heavy,4,20260930,5044347101611309968,170284,294794,4,1,success
Merge Sort,10000,duplicate-heavy,4,20260930,5044347101611309968,122212,272640,40000,1,success
Library Sort,10000,duplicate-heavy,4,20260930,5044347101611309968,23888281,252177,200000,1,success
Shell Sort,10000,duplicate-heavy,5,20260930,4475121323448133375,168266,292793,4,1,success
Merge Sort,10000,duplicate-heavy,5,20260930,4475121323448133375,122180,272640,40000,1,success
Library Sort,10000,duplicate-heavy,5,20260930,4475121323448133375,23987736,252869,200000,1,success
Shell Sort,10000,duplicate-heavy,6,20260930,7243036003652514859,165391,289887,4,1,success
Merge Sort,10000,duplicate-heavy,6,20260930,7243036003652514859,122189,272640,40000,1,success
Library Sort,10000,duplicate-heavy,6,20260930,7243036003652514859,23915677,252057,200000,1,success
Shell Sort,10000,duplicate-heavy,7,20260930,10912088561151908426,169650,294117,4,1,success
Merge Sort,10000,duplicate-heavy,7,20260930,10912088561151908426,122109,272640,40000,1,success
Library Sort,10000,duplicate-heavy,7,20260930,10912088561151908426,23971967,255243,200000,1,success
Shell Sort,10000,duplicate-heavy,8,20260930,4044459816816292911,168332,292860,4,1,success
Merge Sort,10000,duplicate-heavy,8,20260930,4044459816816292911,122334,272640,40000,1,success
Library Sort,10000,duplicate-heavy,8,20260930,4044459816816292911,23582050,256174,200000,1,success
Shell Sort,10000,duplicate-heavy,9,20260930,11659250367715568409,168422,292963,4,1,success
Merge Sort,10000,duplicate-heavy,9,20260930,11659250367715568409,122063,272640,40000,1,success
Library Sort,10000,duplicate-heavy,9,20260930,11659250367715568409,23931057,250146,200000,1,success
Shell Sort,10000,duplicate-heavy,10,20260930,7568221523462995427,166885,291406,4,1,success
Merge Sort,10000,duplicate-heavy,10,20260930,7568221523462995427,122300,272640,40000,1,success
Library Sort,10000,duplicate-heavy,10,20260930,7568221523462995427,23751001,249751,200000,1,success
Shell Sort,10000,duplicate-heavy,11,20260930,16932400847531067494,170021,294560,4,1,success
Merge Sort,10000,duplicate-heavy,11,20260930,16932400847531067494,122169,272640,40000,1,success
Library Sort,10000,duplicate-heavy,11,20260930,16932400847531067494,23786593,253702,200000,1,success
Shell Sort,10000,duplicate-heavy,12,20260930,6280319615223690977,168193,292752,4,1,success
Merge Sort,10000,duplicate-heavy,12,20260930,6280319615223690977,122095,272640,40000,1,success
Library Sort,10000,duplicate-heavy,12,20260930,6280319615223690977,23746188,254958,200000,1,success
Shell Sort,10000,duplicate-heavy,13,20260930,12420311645600082475,173410,297858,4,1,success
Merge Sort,10000,duplicate-heavy,13,20260930,12420311645600082475,122085,272640,40000,1,success
Library Sort,10000,duplicate-heavy,13,20260930,12420311645600082475,24212251,255476,200000,1,success
Shell Sort,10000,duplicate-heavy,14,20260930,17702337990546231056,175425,299962,4,1,success
Merge Sort,10000,duplicate-heavy,14,20260930,17702337990546231056,122198,272640,40000,1,success
Library Sort,10000,duplicate-heavy,14,20260930,17702337990546231056,23448471,254351,200000,1,success
Shell Sort,10000,duplicate-heavy,15,20260930,1233816465628529928,171913,296450,4,1,success
Merge Sort,10000,duplicate-heavy,15,20260930,1233816465628529928,122071,272640,40000,1,success
Library Sort,10000,duplicate-heavy,15,20260930,1233816465628529928,23716790,256530,200000,1,success
Shell Sort,10000,duplicate-heavy,16,20260930,7094647360252902665,164825,289339,4,1,success
Merge Sort,10000,duplicate-heavy,16,20260930,7094647360252902665,122397,272640,40000,1,success
Library Sort,10000,duplicate-heavy,16,20260930,7094647360252902665,23877892,252690,200000,1,success
Shell Sort,10000,duplicate-heavy,17,20260930,11677851985145476698,169524,294062,4,1,success
Merge Sort,10000,duplicate-heavy,17,20260930,11677851985145476698,122079,272640,40000,1,success
Library Sort,10000,duplicate-heavy,17,20260930,11677851985145476698,23825838,254623,200000,1,success
Shell Sort,10000,duplicate-heavy,18,20260930,8067560699635011974,169447,293893,4,1,success
Merge Sort,10000,duplicate-heavy,18,20260930,8067560699635011974,122199,272640,40000,1,success
Library Sort,10000,duplicate-heavy,18,20260930,8067560699635011974,23965979,253736,200000,1,success
Shell Sort,10000,duplicate-heavy,19,20260930,261375381499586415,169217,293654,4,1,success
Merge Sort,10000,duplicate-heavy,19,20260930,261375381499586415,122239,272640,40000,1,success
Library Sort,10000,duplicate-heavy,19,20260930,261375381499586415,23973510,253717,200000,1,success
Shell Sort,10000,duplicate-heavy,20,20260930,11219053533213787872,169605,294205,4,1,success
Merge Sort,10000,duplicate-heavy,20,20260930,11219053533213787872,122102,272640,40000,1,success
Library Sort,10000,duplicate-heavy,20,20260930,11219053533213787872,23465790,249282,200000,1,success
Shell Sort,10000,duplicate-heavy,21,20260930,16750875104658722850,170353,294809,4,1,success
Merge Sort,10000,duplicate-heavy,21,20260930,16750875104658722850,122015,272640,40000,1,success
Library Sort,10000,duplicate-heavy,21,20260930,16750875104658722850,23671485,252788,200000,1,success
Shell Sort,10000,duplicate-heavy,22,20260930,694289289319251806,167581,291935,4,1,success
Merge Sort,10000,duplicate-heavy,22,20260930,694289289319251806,122247,272640,40000,1,success
Library Sort,10000,duplicate-heavy,22,20260930,694289289319251806,24199687,250797,200000,1,success
Shell Sort,10000,duplicate-heavy,23,20260930,3832953000775925484,169090,293669,4,1,success
Merge Sort,10000,duplicate-heavy,23,20260930,3832953000775925484,122365,272640,40000,1,success
Library Sort,10000,duplicate-heavy,23,20260930,3832953000775925484,23637100,257321,200000,1,success
Shell Sort,10000,duplicate-heavy,24,20260930,12508392740150034603,173304,297852,4,1,success
Merge Sort,10000,duplicate-heavy,24,20260930,12508392740150034603,122158,272640,40000,1,success
Library Sort,10000,duplicate-heavy,24,20260930,12508392740150034603,23789948,247842,200000,1,success
Shell Sort,10000,duplicate-heavy,25,20260930,7717968588304826679,169929,294412,4,1,success
Merge Sort,10000,duplicate-heavy,25,20260930,7717968588304826679,122125,272640,40000,1,success
Library Sort,10000,duplicate-heavy,25,20260930,7717968588304826679,24004969,258589,200000,1,success
Shell Sort,10000,duplicate-heavy,26,20260930,12406668575784464959,168215,292673,4,1,success
Merge Sort,10000,duplicate-heavy,26,20260930,12406668575784464959,122217,272640,40000,1,success
Library Sort,10000,duplicate-heavy,26,20260930,12406668575784464959,23803018,249870,200000,1,success
Shell Sort,10000,duplicate-heavy,27,20260930,11833658979719242061,166294,290784,4,1,success
Merge Sort,10000,duplicate-heavy,27,20260930,11833658979719242061,122245,272640,40000,1,success
Library Sort,10000,duplicate-heavy,27,20260930,11833658979719242061,23914459,250596,200000,1,success
Shell Sort,10000,duplicate-heavy,28,20260930,6876265671430323947,167710,292188,4,1,success
Merge Sort,10000,duplicate-heavy,28,20260930,6876265671430323947,122147,272640,40000,1,success
Library Sort,10000,duplicate-heavy,28,20260930,6876265671430323947,23974600,251842,200000,1,success
Shell Sort,10000,duplicate-heavy,29,20260930,9790767605286017990,166068,290588,4,1,success
Merge Sort,10000,duplicate-heavy,29,20260930,9790767605286017990,122261,272640,40000,1,success
Library Sort,10000,duplicate-heavy,29,20260930,9790767605286017990,23918231,248672,200000,1,success
Shell Sort,20000,random,0,20260930,2427361776095102714,624643,894687,4,1,success
Merge Sort,20000,random,0,20260930,2427361776095102714,267359,585280,80000,1,success
Library Sort,20000,random,0,20260930,2427361776095102714,99973682,112629,400000,1,success
Shell Sort,20000,random,1,20260930,16821337751582667113,637046,907013,4,1,success
Merge Sort,20000,random,1,20260930,16821337751582667113,267372,585280,80000,1,success
Library Sort,20000,random,1,20260930,16821337751582667113,100406135,112941,400000,1,success
Shell Sort,20000,random,2,20260930,2723517343400139750,613303,883360,4,1,success
Merge Sort,20000,random,2,20260930,2723517343400139750,267333,585280,80000,1,success
Library Sort,20000,random,2,20260930,2723517343400139750,100192885,112706,400000,1,success
Shell Sort,20000,random,3,20260930,6980390696587538699,638450,908528,4,1,success
Merge Sort,20000,random,3,20260930,6980390696587538699,267431,585280,80000,1,success
Library Sort,20000,random,3,20260930,6980390696587538699,99724011,112606,400000,1,success
Shell Sort,20000,random,4,20260930,8415570417546059299,610182,880392,4,1,success
Merge Sort,20000,random,4,20260930,8415570417546059299,267431,585280,80000,1,success
Library Sort,20000,random,4,20260930,8415570417546059299,99729781,112561,400000,1,success
Shell Sort,20000,random,5,20260930,265237846316838508,640720,910872,4,1,success
Merge Sort,20000,random,5,20260930,265237846316838508,267472,585280,80000,1,success
Library Sort,20000,random,5,20260930,265237846316838508,99789001,112574,400000,1,success
Shell Sort,20000,random,6,20260930,12170030654166557976,618714,888792,4,1,success
Merge Sort,20000,random,6,20260930,12170030654166557976,267295,585280,80000,1,success
Library Sort,20000,random,6,20260930,12170030654166557976,100411924,112590,400000,1,success
Shell Sort,20000,random,7,20260930,6536369520775226205,629556,899624,4,1,success
Merge Sort,20000,random,7,20260930,6536369520775226205,267284,585280,80000,1,success
Library Sort,20000,random,7,20260930,6536369520775226205,100637992,112609,400000,1,success
Shell Sort,20000,random,8,20260930,12908249851125050346,626734,896838,4,1,success
Merge Sort,20000,random,8,20260930,12908249851125050346,267331,585280,80000,1,success
Library Sort,20000,random,8,20260930,12908249851125050346,99892233,112701,400000,1,success
Shell Sort,20000,random,9,20260930,12844271815551532096,625680,895823,4,1,success
Merge Sort,20000,random,9,20260930,12844271815551532096,267330,585280,80000,1,success
Library Sort,20000,random,9,20260930,12844271815551532096,99435567,112509,400000,1,success
Shell Sort,20000,random,10,20260930,7893742729468399293,604247,874339,4,1,success
Merge Sort,20000,random,10,20260930,7893742729468399293,267357,585280,80000,1,success
Library Sort,20000,random,10,20260930,7893742729468399293,99948599,112718,400000,1,success
Shell Sort,20000,random,11,20260930,2756997548223871963,606469,876431,4,1,success
Merge Sort,20000,random,11,20260930,2756997548223871963,267219,585280,80000,1,success
Library Sort,20000,random,11,20260930,2756997548223871963,100428721,112852,400000,1,success
Shell Sort,20000,random,12,20260930,14263447337594864260,594041,864099,4,1,success
Merge Sort,20000,random,12,20260930,14263447337594864260,267257,585280,80000,1,success
Library Sort,20000,random,12,20260930,14263447337594864260,100020996,112805,400000,1,success
Shell Sort,20000,random,13,20260930,8948180449044292970,611495,881702,4,1,success
Merge Sort,20000,random,13,20260930,8948180449044292970,267334,585280,80000,1,success
Library Sort,20000,random,13,20260930,8948180449044292970,99739525,112679,400000,1,success
Shell Sort,20000,random,14,20260930,987616605320253257,635495,905644,4,1,success
Merge Sort,20000,random,14,20260930,987616605320253257,267289,585280,80000,1,success
Library Sort,20000,random,14,20260930,987616605320253257,99277143,112708,400000,1,success
Shell Sort,20000,random,15,20260930,6976682654227950805,623764,893790,4,1,success
Merge Sort,20000,random,15,20260930,6976682654227950805,267344,585280,80000,1,success
Library Sort,20000,random,15,20260930,6976682654227950805,100115271,112676,400000,1,success
Shell Sort,20000,random,16,20260930,8273040734351588446,606886,876913,4,1,success
Merge Sort,20000,random,16,20260930,8273040734351588446,267339,585280,80000,1,success
Library Sort,20000,random,16,20260930,8273040734351588446,100348658,112515,400000,1,success
Shell Sort,20000,random,17,20260930,7061883718422281569,609505,879502,4,1,success
Merge Sort,20000,random,17,20260930,7061883718422281569,267283,585280,80000,1,success
Library Sort,20000,random,17,20260930,7061883718422281569,101588942,112713,400000,1,success
Shell Sort,20000,random,18,20260930,946234926965260406,618031,888034,4,1,success
Merge Sort,20000,random,18,20260930,946234926965260406,267389,585280,80000,1,success
Library Sort,20000,random,18,20260930,946234926965260406,100304549,112669,400000,1,success
Shell Sort,20000,random,19,20260930,4812607601118097686,636945,906928,4,1,success
Merge Sort,20000,random,19,20260930,4812607601118097686,267409,585280,80000,1,success
Library Sort,20000,random,19,20260930,4812607601118097686,100449554,112686,400000,1,success
Shell Sort,20000,random,20,20260930,9450887269972967944,609261,879268,4,1,success
Merge Sort,20000,random,20,20260930,9450887269972967944,267375,585280,80000,1,success
Library Sort,20000,random,20,20260930,9450887269972967944,100514866,112361,400000,1,success
Shell Sort,20000,random,21,20260930,1923836926858503889,610511,880557,4,1,success
Merge Sort,20000,random,21,20260930,1923836926858503889,267363,585280,80000,1,success
Library Sort,20000,random,21,20260930,1923836926858503889,99990000,112699,400000,1,success
Shell Sort,20000,random,22,20260930,7717251548334691650,598042,868115,4,1,success
Merge Sort,20000,random,22,20260930,7717251548334691650,267304,585280,80000,1,success
Library Sort,20000,random,22,20260930,7717251548334691650,100026765,112884,400000,1,success
Shell Sort,20000,random,23,20260930,564627596725449755,628867,898914,4,1,success
Merge Sort,20000,random,23,20260930,564627596725449755,267361,585280,80000,1,success
Library Sort,20000,random,23,20260930,564627596725449755,100421535,112950,400000,1,success
Shell Sort,20000,random,24,20260930,15929284707719049021,602537,872697,4,1,success
Merge Sort,20000,random,24,20260930,15929284707719049021,267393,585280,80000,1,success
Library Sort,20000,random,24,20260930,15929284707719049021,100113702,112788,400000,1,success
Shell Sort,20000,random,25,20260930,6472661987089159656,606221,876227,4,1,success
Merge Sort,20000,random,25,20260930,6472661987089159656,267313,585280,80000,1,success
Library Sort,20000,random,25,20260930,6472661987089159656,100567225,112729,400000,1,success
Shell Sort,20000,random,26,20260930,4642500549804020384,616480,886532,4,1,success
Merge Sort,20000,random,26,20260930,4642500549804020384,267318,585280,80000,1,success
Library Sort,20000,random,26,20260930,4642500549804020384,100544668,112765,400000,1,success
Shell Sort,20000,random,27,20260930,7863511095293348316,628819,898862,4,1,success
Merge Sort,20000,random,27,20260930,7863511095293348316,267521,585280,80000,1,success
Library Sort,20000,random,27,20260930,7863511095293348316,100674869,112592,400000,1,success
Shell Sort,20000,random,28,20260930,11428715708573346530,610330,880420,4,1,success
Merge Sort,20000,random,28,20260930,11428715708573346530,267373,585280,80000,1,success
Library Sort,20000,random,28,20260930,11428715708573346530,100441216,112625,400000,1,success
Shell Sort,20000,random,29,20260930,7567885240174571773,629808,899806,4,1,success
Merge Sort,20000,random,29,20260930,7567885240174571773,267407,585280,80000,1,success
Library Sort,20000,random,29,20260930,7567885240174571773,100527280,112588,400000,1,success
Shell Sort,20000,sorted,0,20260930,2624695939742825204,260005,520010,4,1,success
Merge Sort,20000,sorted,0,20260930,2624695939742825204,153424,585280,80000,1,success
Library Sort,20000,sorted,0,20260930,2624695939742825204,199990000,69069604,400000,1,success
Shell Sort,20000,sorted,1,20260930,2074235946046981909,260005,520010,4,1,success
Merge Sort,20000,sorted,1,20260930,2074235946046981909,153424,585280,80000,1,success
Library Sort,20000,sorted,1,20260930,2074235946046981909,199990000,69069604,400000,1,success
Shell Sort,20000,sorted,2,20260930,16782548517713760675,260005,520010,4,1,success
Merge Sort,20000,sorted,2,20260930,16782548517713760675,153424,585280,80000,1,success
Library Sort,20000,sorted,2,20260930,16782548517713760675,199990000,69069604,400000,1,success
Shell Sort,20000,sorted,3,20260930,4340929284387164755,260005,520010,4,1,success
Merge Sort,20000,sorted,3,20260930,4340929284387164755,153424,585280,80000,1,success
Library Sort,20000,sorted,3,20260930,4340929284387164755,199990000,69069604,400000,1,success
Shell Sort,20000,sorted,4,20260930,8866008784416267610,260005,520010,4,1,success
Merge Sort,20000,sorted,4,20260930,8866008784416267610,153424,585280,80000,1,success
Library Sort,20000,sorted,4,20260930,8866008784416267610,199990000,69069604,400000,1,success
Shell Sort,20000,sorted,5,20260930,12249821134559997207,260005,520010,4,1,success
Merge Sort,20000,sorted,5,20260930,12249821134559997207,153424,585280,80000,1,success
Library Sort,20000,sorted,5,20260930,12249821134559997207,199990000,69069604,400000,1,success
Shell Sort,20000,sorted,6,20260930,9894442693917270877,260005,520010,4,1,success
Merge Sort,20000,sorted,6,20260930,9894442693917270877,153424,585280,80000,1,success
Library Sort,20000,sorted,6,20260930,9894442693917270877,199990000,69069604,400000,1,success
Shell Sort,20000,sorted,7,20260930,3168754590799329606,260005,520010,4,1,success
Merge Sort,20000,sorted,7,20260930,3168754590799329606,153424,585280,80000,1,success
Library Sort,20000,sorted,7,20260930,3168754590799329606,199990000,69069604,400000,1,success
Shell Sort,20000,sorted,8,20260930,14723212446768156684,260005,520010,4,1,success
Merge Sort,20000,sorted,8,20260930,14723212446768156684,153424,585280,80000,1,success
Library Sort,20000,sorted,8,20260930,14723212446768156684,199990000,69069604,400000,1,success
Shell Sort,20000,sorted,9,20260930,2550811929705143671,260005,520010,4,1,success
Merge Sort,20000,sorted,9,20260930,2550811929705143671,153424,585280,80000,1,success
Library Sort,20000,sorted,9,20260930,2550811929705143671,199990000,69069604,400000,1,success
Shell Sort,20000,sorted,10,20260930,17655665555254281737,260005,520010,4,1,success
Merge Sort,20000,sorted,10,20260930,17655665555254281737,153424,585280,80000,1,success
Library Sort,20000,sorted,10,20260930,17655665555254281737,199990000,69069604,400000,1,success
Shell Sort,20000,sorted,11,20260930,10021953584039118345,260005,520010,4,1,success
Merge Sort,20000,sorted,11,20260930,10021953584039118345,153424,585280,80000,1,success
Library Sort,20000,sorted,11,20260930,10021953584039118345,199990000,69069604,400000,1,success
Shell Sort,20000,sorted,12,20260930,12745074672594219248,260005,520010,4,1,success
Merge Sort,20000,sorted,12,20260930,12745074672594219248,153424,585280,80000,1,success
Library Sort,20000,sorted,12,20260930,12745074672594219248,199990000,69069604,400000,1,success
Shell Sort,20000,sorted,13,20260930,2040601825301724930,260005,520010,4,1,success
Merge Sort,20000,sorted,13,20260930,2040601825301724930,153424,585280,80000,1,success
Library Sort,20000,sorted,13,20260930,2040601825301724930,199990000,69069604,400000,1,success
Shell Sort,20000,sorted,14,20260930,13103362817891309229,260005,520010,4,1,success
Merge Sort,20000,sorted,14,20260930,13103362817891309229,153424,585280,80000,1,success
Library Sort,20000,sorted,14,20260930,13103362817891309229,199990000,69069604,400000,1,success
Shell Sort,20000,sorted,15,20260930,680758283274342204,260005,520010,4,1,success
Merge Sort,20000,sorted,15,20260930,680758283274342204,153424,585280,80000,1,success
Library Sort,20000,sorted,15,20260930,680758283274342204,199990000,69069604,400000,1,success
Shell Sort,20000,sorted,16,20260930,15374627243897099658,260005,520010,4,1,success
Merge Sort,20000,sorted,16,20260930,15374627243897099658,153424,585280,80000,1,success
Library Sort,20000,sorted,16,20260930,15374627243897099658,199990000,69069604,400000,1,success
Shell Sort,20000,sorted,17,20260930,8517955501337835454,260005,520010,4,1,success
Merge Sort,20000,sorted,17,20260930,8517955501337835454,153424,585280,80000,1,success
Library Sort,20000,sorted,17,20260930,8517955501337835454,199990000,69069604,400000,1,success
Shell Sort,20000,sorted,18,20260930,6300427031128520908,260005,520010,4,1,success
Merge Sort,20000,sorted,18,20260930,6300427031128520908,153424,585280,80000,1,success
Library Sort,20000,sorted,18,20260930,6300427031128520908,199990000,69069604,400000,1,success
Shell Sort,20000,sorted,19,20260930,3722285152842041843,260005,520010,4,1,success
Merge Sort,20000,sorted,19,20260930,3722285152842041843,153424,585280,80000,1,success
Library Sort,20000,sorted,19,20260930,3722285152842041843,199990000,69069604,400000,1,success
Shell Sort,20000,sorted,20,20260930,5176997223338627527,260005,520010,4,1,success
Merge Sort,20000,sorted,20,20260930,5176997223338627527,153424,585280,80000,1,success
Library Sort,20000,sorted,20,20260930,5176997223338627527,199990000,69069604,400000,1,success
Shell Sort,20000,sorted,21,20260930,4089120716846715374,260005,520010,4,1,success
Merge Sort,20000,sorted,21,20260930,4089120716846715374,153424,585280,80000,1,success
Library Sort,20000,sorted,21,20260930,4089120716846715374,199990000,69069604,400000,1,success
Shell Sort,20000,sorted,22,20260930,13287958715660042120,260005,520010,4,1,success
Merge Sort,20000,sorted,22,20260930,13287958715660042120,153424,585280,80000,1,success
Library Sort,20000,sorted,22,20260930,13287958715660042120,199990000,69069604,400000,1,success
Shell Sort,20000,sorted,23,20260930,15728818199239821260,260005,520010,4,1,success
Merge Sort,20000,sorted,23,20260930,15728818199239821260,153424,585280,80000,1,success
Library Sort,20000,sorted,23,20260930,15728818199239821260,199990000,69069604,400000,1,success
Shell Sort,20000,sorted,24,20260930,996564856344365413,260005,520010,4,1,success
Merge Sort,20000,sorted,24,20260930,996564856344365413,153424,585280,80000,1,success
Library Sort,20000,sorted,24,20260930,996564856344365413,199990000,69069604,400000,1,success
Shell Sort,20000,sorted,25,20260930,16692507526699647171,260005,520010,4,1,success
Merge Sort,20000,sorted,25,20260930,16692507526699647171,153424,585280,80000,1,success
Library Sort,20000,sorted,25,20260930,16692507526699647171,199990000,69069604,400000,1,success
Shell Sort,20000,sorted,26,20260930,2821128935462869222,260005,520010,4,1,success
Merge Sort,20000,sorted,26,20260930,2821128935462869222,153424,585280,80000,1,success
Library Sort,20000,sorted,26,20260930,2821128935462869222,199990000,69069604,400000,1,success
Shell Sort,20000,sorted,27,20260930,16125358174585108989,260005,520010,4,1,success
Merge Sort,20000,sorted,27,20260930,16125358174585108989,153424,585280,80000,1,success
Library Sort,20000,sorted,27,20260930,16125358174585108989,199990000,69069604,400000,1,success
Shell Sort,20000,sorted,28,20260930,5790448116283995781,260005,520010,4,1,success
Merge Sort,20000,sorted,28,20260930,5790448116283995781,153424,585280,80000,1,success
Library Sort,20000,sorted,28,20260930,5790448116283995781,199990000,69069604,400000,1,success
Shell Sort,20000,sorted,29,20260930,1730138679999440740,260005,520010,4,1,success
Merge Sort,20000,sorted,29,20260930,1730138679999440740,153424,585280,80000,1,success
Library Sort,20000,sorted,29,20260930,1730138679999440740,199990000,69069604,400000,1,success
Shell Sort,20000,reverse,0,20260930,17335930028633108290,375138,655130,4,1,success
Merge Sort,20000,reverse,0,20260930,17335930028633108290,139216,585280,80000,1,success
Library Sort,20000,reverse,0,20260930,17335930028633108290,19999,64056467,400000,1,success
Shell Sort,20000,reverse,1,20260930,3462815016086145679,375138,655130,4,1,success
Merge Sort,20000,reverse,1,20260930,3462815016086145679,139216,585280,80000,1,success
Library Sort,20000,reverse,1,20260930,3462815016086145679,19999,64056467,400000,1,success
Shell Sort,20000,reverse,2,20260930,17012084864186080804,375138,655130,4,1,success
Merge Sort,20000,reverse,2,20260930,17012084864186080804,139216,585280,80000,1,success
Library Sort,20000,reverse,2,20260930,17012084864186080804,19999,64056467,400000,1,success
Shell Sort,20000,reverse,3,20260930,6094280029709172158,375138,655130,4,1,success
Merge Sort,20000,reverse,3,20260930,6094280029709172158,139216,585280,80000,1,success
Library Sort,20000,reverse,3,20260930,6094280029709172158,19999,64056467,400000,1,success
Shell Sort,20000,reverse,4,20260930,17616881376057496438,375138,655130,4,1,success
Merge Sort,20000,reverse,4,20260930,17616881376057496438,139216,585280,80000,1,success
Library Sort,20000,reverse,4,20260930,17616881376057496438,19999,64056467,400000,1,success
Shell Sort,20000,reverse,5,20260930,16719004772568343763,375138,655130,4,1,success
Merge Sort,20000,reverse,5,20260930,16719004772568343763,139216,585280,80000,1,success
Library Sort,20000,reverse,5,20260930,16719004772568343763,19999,64056467,400000,1,success
Shell Sort,20000,reverse,6,20260930,2358485518122116313,375138,655130,4,1,success
Merge Sort,20000,reverse,6,20260930,2358485518122116313,139216,585280,80000,1,success
Library Sort,20000,reverse,6,20260930,2358485518122116313,19999,64056467,400000,1,success
Shell Sort,20000,reverse,7,20260930,2925220896457950507,375138,655130,4,1,success
Merge Sort,20000,reverse,7,20260930,2925220896457950507,139216,585280,80000,1,success
Library Sort,20000,reverse,7,20260930,2925220896457950507,19999,64056467,400000,1,success
Shell Sort,20000,reverse,8,20260930,2347373987100220580,375138,655130,4,1,success
Merge Sort,20000,reverse,8,20260930,2347373987100220580,139216,585280,80000,1,success
Library Sort,20000,reverse,8,20260930,2347373987100220580,19999,64056467,400000,1,success
Shell Sort,20000,reverse,9,20260930,1974773870057934682,375138,655130,4,1,success
Merge Sort,20000,reverse,9,20260930,1974773870057934682,139216,585280,80000,1,success
Library Sort,20000,reverse,9,20260930,1974773870057934682,19999,64056467,400000,1,success
Shell Sort,20000,reverse,10,20260930,3346441031611573876,375138,655130,4,1,success
Merge Sort,20000,reverse,10,20260930,3346441031611573876,139216,585280,80000,1,success
Library Sort,20000,reverse,10,20260930,3346441031611573876,19999,64056467,400000,1,success
Shell Sort,20000,reverse,11,20260930,412206523697166687,375138,655130,4,1,success
Merge Sort,20000,reverse,11,20260930,412206523697166687,139216,585280,80000,1,success
Library Sort,20000,reverse,11,20260930,412206523697166687,19999,64056467,400000,1,success
Shell Sort,20000,reverse,12,20260930,7032193685985987830,375138,655130,4,1,success
Merge Sort,20000,reverse,12,20260930,7032193685985987830,139216,585280,80000,1,success
Library Sort,20000,reverse,12,20260930,7032193685985987830,19999,64056467,400000,1,success
Shell Sort,20000,reverse,13,20260930,6049416966315213037,375138,655130,4,1,success
Merge Sort,20000,reverse,13,20260930,6049416966315213037,139216,585280,80000,1,success
Library Sort,20000,reverse,13,20260930,6049416966315213037,19999,64056467,400000,1,success
Shell Sort,20000,reverse,14,20260930,9839868398067167552,375138,655130,4,1,success
Merge Sort,20000,reverse,14,20260930,9839868398067167552,139216,585280,80000,1,success
Library Sort,20000,reverse,14,20260930,9839868398067167552,19999,64056467,400000,1,success
Shell Sort,20000,reverse,15,20260930,13274606259010560071,375138,655130,4,1,success
Merge Sort,20000,reverse,15,20260930,13274606259010560071,139216,585280,80000,1,success
Library Sort,20000,reverse,15,20260930,13274606259010560071,19999,64056467,400000,1,success
Shell Sort,20000,reverse,16,20260930,14364133036431585685,375138,655130,4,1,success
Merge Sort,20000,reverse,16,20260930,14364133036431585685,139216,585280,80000,1,success
Library Sort,20000,reverse,16,20260930,14364133036431585685,19999,64056467,400000,1,success
Shell Sort,20000,reverse,17,20260930,3174122129780664099,375138,655130,4,1,success
Merge Sort,20000,reverse,17,20260930,3174122129780664099,139216,585280,80000,1,success
Library Sort,20000,reverse,17,20260930,3174122129780664099,19999,64056467,400000,1,success
Shell Sort,20000,reverse,18,20260930,2239796887469893665,375138,655130,4,1,success
Merge Sort,20000,reverse,18,20260930,2239796887469893665,139216,585280,80000,1,success
Library Sort,20000,reverse,18,20260930,2239796887469893665,19999,64056467,400000,1,success
Shell Sort,20000,reverse,19,20260930,2098111089954501118,375138,655130,4,1,success
Merge Sort,20000,reverse,19,20260930,2098111089954501118,139216,585280,80000,1,success
Library Sort,20000,reverse,19,20260930,2098111089954501118,19999,64056467,400000,1,success
Shell Sort,20000,reverse,20,20260930,13163324688999756557,375138,655130,4,1,success
Merge Sort,20000,reverse,20,20260930,13163324688999756557,139216,585280,80000,1,success
Library Sort,20000,reverse,20,20260930,13163324688999756557,19999,64056467,400000,1,success
Shell Sort,20000,reverse,21,20260930,5105748513131097874,375138,655130,4,1,success
Merge Sort,20000,reverse,21,20260930,5105748513131097874,139216,585280,80000,1,success
Library Sort,20000,reverse,21,20260930,5105748513131097874,19999,64056467,400000,1,success
Shell Sort,20000,reverse,22,20260930,14734827182697437361,375138,655130,4,1,success
Merge Sort,20000,reverse,22,20260930,14734827182697437361,139216,585280,80000,1,success
Library Sort,20000,reverse,22,20260930,14734827182697437361,19999,64056467,400000,1,success
Shell Sort,20000,reverse,23,20260930,12569433901537986436,375138,655130,4,1,success
Merge Sort,20000,reverse,23,20260930,12569433901537986436,139216,585280,80000,1,success
Library Sort,20000,reverse,23,20260930,12569433901537986436,19999,64056467,400000,1,success
Shell Sort,20000,reverse,24,20260930,14159556339840772816,375138,655130,4,1,success
Merge Sort,20000,reverse,24,20260930,14159556339840772816,139216,585280,80000,1,success
Library Sort,20000,reverse,24,20260930,14159556339840772816,19999,64056467,400000,1,success
Shell Sort,20000,reverse,25,20260930,4284570280968258058,375138,655130,4,1,success
Merge Sort,20000,reverse,25,20260930,4284570280968258058,139216,585280,80000,1,success
Library Sort,20000,reverse,25,20260930,4284570280968258058,19999,64056467,400000,1,success
Shell Sort,20000,reverse,26,20260930,810935108362119951,375138,655130,4,1,success
Merge Sort,20000,reverse,26,20260930,810935108362119951,139216,585280,80000,1,success
Library Sort,20000,reverse,26,20260930,810935108362119951,19999,64056467,400000,1,success
Shell Sort,20000,reverse,27,20260930,14095522747912870059,375138,655130,4,1,success
Merge Sort,20000,reverse,27,20260930,14095522747912870059,139216,585280,80000,1,success
Library Sort,20000,reverse,27,20260930,14095522747912870059,19999,64056467,400000,1,success
Shell Sort,20000,reverse,28,20260930,17067193651627933712,375138,655130,4,1,success
Merge Sort,20000,reverse,28,20260930,17067193651627933712,139216,585280,80000,1,success
Library Sort,20000,reverse,28,20260930,17067193651627933712,19999,64056467,400000,1,success
Shell Sort,20000,reverse,29,20260930,16887286592042947667,375138,655130,4,1,success
Merge Sort,20000,reverse,29,20260930,16887286592042947667,139216,585280,80000,1,success
Library Sort,20000,reverse,29,20260930,16887286592042947667,19999,64056467,400000,1,success
Shell Sort,20000,duplicate-heavy,0,20260930,14914482828032557739,365800,634757,4,1,success
Merge Sort,20000,duplicate-heavy,0,20260930,14914482828032557739,263738,585280,80000,1,success
Library Sort,20000,duplicate-heavy,0,20260930,14914482828032557739,95260653,912997,400000,1,success
Shell Sort,20000,duplicate-heavy,1,20260930,13354127364403724165,366304,635186,4,1,success
Merge Sort,20000,duplicate-heavy,1,20260930,13354127364403724165,264014,585280,80000,1,success
Library Sort,20000,duplicate-heavy,1,20260930,13354127364403724165,95717924,932291,400000,1,success
Shell Sort,20000,duplicate-heavy,2,20260930,8749073335650801909,366329,635265,4,1,success
Merge Sort,20000,duplicate-heavy,2,20260930,8749073335650801909,263965,585280,80000,1,success
Library Sort,20000,duplicate-heavy,2,20260930,8749073335650801909,95435941,905295,400000,1,success
Shell Sort,20000,duplicate-heavy,3,20260930,10732345951152131496,363658,632564,4,1,success
Merge Sort,20000,duplicate-heavy,3,20260930,10732345951152131496,264016,585280,80000,1,success
Library Sort,20000,duplicate-heavy,3,20260930,10732345951152131496,95730787,916066,400000,1,success
Shell Sort,20000,duplicate-heavy,4,20260930,3932991932594748914,367863,636898,4,1,success
Merge Sort,20000,duplicate-heavy,4,20260930,3932991932594748914,263918,585280,80000,1,success
Library Sort,20000,duplicate-heavy,4,20260930,3932991932594748914,94691481,896233,400000,1,success
Shell Sort,20000,duplicate-heavy,5,20260930,8195863581354869150,371811,640727,4,1,success
Merge Sort,20000,duplicate-heavy,5,20260930,8195863581354869150,263869,585280,80000,1,success
Library Sort,20000,duplicate-heavy,5,20260930,8195863581354869150,95581552,927497,400000,1,success
Shell Sort,20000,duplicate-heavy,6,20260930,2920667732806852758,370333,639325,4,1,success
Merge Sort,20000,duplicate-heavy,6,20260930,2920667732806852758,263795,585280,80000,1,success
Library Sort,20000,duplicate-heavy,6,20260930,2920667732806852758,95724011,911312,400000,1,success
Shell Sort,20000,duplicate-heavy,7,20260930,11131955523864274554,369044,637963,4,1,success
Merge Sort,20000,duplicate-heavy,7,20260930,11131955523864274554,264159,585280,80000,1,success
Library Sort,20000,duplicate-heavy,7,20260930,11131955523864274554,95144010,903474,400000,1,success
Shell Sort,20000,duplicate-heavy,8,20260930,5843396804054887119,369179,638207,4,1,success
Merge Sort,20000,duplicate-heavy,8,20260930,5843396804054887119,263716,585280,80000,1,success
Library Sort,20000,duplicate-heavy,8,20260930,5843396804054887119,94666978,898929,400000,1,success
Shell Sort,20000,duplicate-heavy,9,20260930,11372323983307257790,368756,637543,4,1,success
Merge Sort,20000,duplicate-heavy,9,20260930,11372323983307257790,263997,585280,80000,1,success
Library Sort,20000,duplicate-heavy,9,20260930,11372323983307257790,95713747,911845,400000,1,success
Shell Sort,20000,duplicate-heavy,10,20260930,116338937224694516,369194,638160,4,1,success
Merge Sort,20000,duplicate-heavy,10,20260930,116338937224694516,263905,585280,80000,1,success
Library Sort,20000,duplicate-heavy,10,20260930,116338937224694516,95232805,905089,400000,1,success
Shell Sort,20000,duplicate-heavy,11,20260930,17789277934990328275,375461,644464,4,1,success
Merge Sort,20000,duplicate-heavy,11,20260930,17789277934990328275,264046,585280,80000,1,success
Library Sort,20000,duplicate-heavy,11,20260930,17789277934990328275,95036040,915728,400000,1,success
Shell Sort,20000,duplicate-heavy,12,20260930,14561197676964526646,358955,627982,4,1,success
Merge Sort,20000,duplicate-heavy,12,20260930,14561197676964526646,263854,585280,80000,1,success
Library Sort,20000,duplicate-heavy,12,20260930,14561197676964526646,95365737,917504,400000,1,success
Shell Sort,20000,duplicate-heavy,13,20260930,540359288540423018,368665,637648,4,1,success
Merge Sort,20000,duplicate-heavy,13,20260930,540359288540423018,264087,585280,80000,1,success
Library Sort,20000,duplicate-heavy,13,20260930,540359288540423018,95206559,921631,400000,1,success
Shell Sort,20000,duplicate-heavy,14,20260930,10699072073962543617,366879,635816,4,1,success
Merge Sort,20000,duplicate-heavy,14,20260930,10699072073962543617,263803,585280,80000,1,success
Library Sort,20000,duplicate-heavy,14,20260930,10699072073962543617,95381402,917931,400000,1,success
Shell Sort,20000,duplicate-heavy,15,20260930,11267198278800468688,367495,636431,4,1,success
Merge Sort,20000,duplicate-heavy,15,20260930,11267198278800468688,264083,585280,80000,1,success
Library Sort,20000,duplicate-heavy,15,20260930,11267198278800468688,95520198,917277,400000,1,success
Shell Sort,20000,duplicate-heavy,16,20260930,8778146653645403634,365747,634713,4,1,success
Merge Sort,20000,duplicate-heavy,16,20260930,8778146653645403634,264067,585280,80000,1,success
Library Sort,20000,duplicate-heavy,16,20260930,8778146653645403634,94828959,904062,400000,1,success
Shell Sort,20000,duplicate-heavy,17,20260930,16202191742457279437,364145,633082,4,1,success
Merge Sort,20000,duplicate-heavy,17,20260930,16202191742457279437,263495,585280,80000,1,success
Library Sort,20000,duplicate-heavy,17,20260930,16202191742457279437,95171666,900519,400000,1,success
Shell Sort,20000,duplicate-heavy,18,20260930,11517428440922034272,369248,638244,4,1,success
Merge Sort,20000,duplicate-heavy,18,20260930,11517428440922034272,264004,585280,80000,1,success
Library Sort,20000,duplicate-heavy,18,20260930,11517428440922034272,94960630,905861,400000,1,success
Shell Sort,20000,duplicate-heavy,19,20260930,16164408377422926984,365820,634868,4,1,success
Merge Sort,20000,duplicate-heavy,19,20260930,16164408377422926984,263795,585280,80000,1,success
Library Sort,20000,duplicate-heavy,19,20260930,16164408377422926984,95099530,916219,400000,1,success
Shell Sort,20000,duplicate-heavy,20,20260930,7059313521791226940,368778,637740,4,1,success
Merge Sort,20000,duplicate-heavy,20,20260930,7059313521791226940,264017,585280,80000,1,success
Library Sort,20000,duplicate-heavy,20,20260930,7059313521791226940,95864636,914447,400000,1,success
Shell Sort,20000,duplicate-heavy,21,20260930,6766501055834194795,372082,641184,4,1,success
Merge Sort,20000,duplicate-heavy,21,20260930,6766501055834194795,263975,585280,80000,1,success
Library Sort,20000,duplicate-heavy,21,20260930,6766501055834194795,95176502,902309,400000,1,success
Shell Sort,20000,duplicate-heavy,22,20260930,10632473969467056483,368731,637776,4,1,success
Merge Sort,20000,duplicate-heavy,22,20260930,10632473969467056483,263866,585280,80000,1,success
Library Sort,20000,duplicate-heavy,22,20260930,10632473969467056483,94805056,926008,400000,1,success
Shell Sort,20000,duplicate-heavy,23,20260930,12396491691597366346,362795,631820,4,1,success
Merge Sort,20000,duplicate-heavy,23,20260930,12396491691597366346,263984,585280,80000,1,success
Library Sort,20000,duplicate-heavy,23,20260930,12396491691597366346,95179854,915514,400000,1,success
Shell Sort,20000,duplicate-heavy,24,20260930,15112822979216951074,366474,635390,4,1,success
Merge Sort,20000,duplicate-heavy,24,20260930,15112822979216951074,263734,585280,80000,1,success
Library Sort,20000,duplicate-heavy,24,20260930,15112822979216951074,95242561,918529,400000,1,success
Shell Sort,20000,duplicate-heavy,25,20260930,12910640805759740584,368999,637909,4,1,success
Merge Sort,20000,duplicate-heavy,25,20260930,12910640805759740584,263839,585280,80000,1,success
Library Sort,20000,duplicate-heavy,25,20260930,12910640805759740584,95796752,932233,400000,1,success
Shell Sort,20000,duplicate-heavy,26,20260930,11083441202304493541,366636,635726,4,1,success
Merge Sort,20000,duplicate-heavy,26,20260930,11083441202304493541,263765,585280,80000,1,success
Library Sort,20000,duplicate-heavy,26,20260930,11083441202304493541,94718133,913438,400000,1,success
Shell Sort,20000,duplicate-heavy,27,20260930,4158018478303339796,363269,632243,4,1,success
Merge Sort,20000,duplicate-heavy,27,20260930,4158018478303339796,263914,585280,80000,1,success
Library Sort,20000,duplicate-heavy,27,20260930,4158018478303339796,94881058,908407,400000,1,success
Shell Sort,20000,duplicate-heavy,28,20260930,1652424385084673044,371024,639972,4,1,success
Merge Sort,20000,duplicate-heavy,28,20260930,1652424385084673044,264088,585280,80000,1,success
Library Sort,20000,duplicate-heavy,28,20260930,1652424385084673044,94886516,925339,400000,1,success
Shell Sort,20000,duplicate-heavy,29,20260930,4706133726172103807,366476,635432,4,1,success
Merge Sort,20000,duplicate-heavy,29,20260930,4706133726172103807,263724,585280,80000,1,success
Library Sort,20000,duplicate-heavy,29,20260930,4706133726172103807,95466757,902953,400000,1,success
